"Project","File Path","Feature"
"netty","D:\JUnit5Projects\netty\buffer\src\test\java\io\netty\buffer\AbstractByteBufTest.java","Hamcrest"
"netty","D:\JUnit5Projects\netty\buffer\src\test\java\io\netty\buffer\AbstractByteBufTest.java","Hamcrest"
"netty","D:\JUnit5Projects\netty\buffer\src\test\java\io\netty\buffer\AbstractCompositeByteBufTest.java","Hamcrest"
"netty","D:\JUnit5Projects\netty\buffer\src\test\java\io\netty\buffer\AbstractCompositeByteBufTest.java","Hamcrest"
"netty","D:\JUnit5Projects\netty\buffer\src\test\java\io\netty\buffer\AbstractCompositeByteBufTest.java","Hamcrest"
"netty","D:\JUnit5Projects\netty\buffer\src\test\java\io\netty\buffer\AbstractPooledByteBufTest.java","Hamcrest"
"netty","D:\JUnit5Projects\netty\buffer\src\test\java\io\netty\buffer\AbstractPooledByteBufTest.java","Hamcrest"
"netty","D:\JUnit5Projects\netty\buffer\src\test\java\io\netty\buffer\AbstractPooledByteBufTest.java","Hamcrest"
"netty","D:\JUnit5Projects\netty\buffer\src\test\java\io\netty\buffer\ByteBufDerivationTest.java","Hamcrest"
"netty","D:\JUnit5Projects\netty\buffer\src\test\java\io\netty\buffer\ByteBufDerivationTest.java","Hamcrest"
"netty","D:\JUnit5Projects\netty\buffer\src\test\java\io\netty\buffer\ByteBufUtilTest.java","Hamcrest"
"netty","D:\JUnit5Projects\netty\buffer\src\test\java\io\netty\buffer\ByteBufUtilTest.java","Hamcrest"
"netty","D:\JUnit5Projects\netty\buffer\src\test\java\io\netty\buffer\ByteBufUtilTest.java","Hamcrest"
"netty","D:\JUnit5Projects\netty\buffer\src\test\java\io\netty\buffer\EmptyByteBufTest.java","Hamcrest"
"netty","D:\JUnit5Projects\netty\buffer\src\test\java\io\netty\buffer\EmptyByteBufTest.java","Hamcrest"
"netty","D:\JUnit5Projects\netty\buffer\src\test\java\io\netty\buffer\LongLongHashMapTest.java","Test"
"netty","D:\JUnit5Projects\netty\buffer\src\test\java\io\netty\buffer\LongLongHashMapTest.java","AssertJ"
"netty","D:\JUnit5Projects\netty\buffer\src\test\java\io\netty\buffer\LongPriorityQueueTest.java","Test"
"netty","D:\JUnit5Projects\netty\buffer\src\test\java\io\netty\buffer\LongPriorityQueueTest.java","Executable"
"netty","D:\JUnit5Projects\netty\buffer\src\test\java\io\netty\buffer\LongPriorityQueueTest.java","AssertJ"
"netty","D:\JUnit5Projects\netty\buffer\src\test\java\io\netty\buffer\LongPriorityQueueTest.java","Assertions"
"netty","D:\JUnit5Projects\netty\buffer\src\test\java\io\netty\buffer\ReadOnlyByteBufTest.java","Mockito"
"netty","D:\JUnit5Projects\netty\buffer\src\test\java\io\netty\buffer\ReadOnlyByteBufTest.java","Mockito"
"netty","D:\JUnit5Projects\netty\buffer\src\test\java\io\netty\buffer\SimpleLeakAwareCompositeByteBufTest.java","Hamcrest"
"netty","D:\JUnit5Projects\netty\buffer\src\test\java\io\netty\buffer\SimpleLeakAwareCompositeByteBufTest.java","Hamcrest"
"netty","D:\JUnit5Projects\netty\buffer\src\test\java\io\netty\buffer\UnpooledTest.java","Mockito"
"netty","D:\JUnit5Projects\netty\codec\src\test\java\io\netty\handler\codec\bytes\ByteArrayDecoderTest.java","Hamcrest"
"netty","D:\JUnit5Projects\netty\codec\src\test\java\io\netty\handler\codec\bytes\ByteArrayDecoderTest.java","Hamcrest"
"netty","D:\JUnit5Projects\netty\codec\src\test\java\io\netty\handler\codec\bytes\ByteArrayEncoderTest.java","Hamcrest"
"netty","D:\JUnit5Projects\netty\codec\src\test\java\io\netty\handler\codec\bytes\ByteArrayEncoderTest.java","Hamcrest"
"netty","D:\JUnit5Projects\netty\codec\src\test\java\io\netty\handler\codec\compression\AbstractIntegrationTest.java","Hamcrest"
"netty","D:\JUnit5Projects\netty\codec\src\test\java\io\netty\handler\codec\compression\AbstractIntegrationTest.java","Hamcrest"
"netty","D:\JUnit5Projects\netty\codec\src\test\java\io\netty\handler\codec\compression\Lz4FrameEncoderTest.java","Mockito"
"netty","D:\JUnit5Projects\netty\codec\src\test\java\io\netty\handler\codec\compression\Lz4FrameEncoderTest.java","Mockito"
"netty","D:\JUnit5Projects\netty\codec\src\test\java\io\netty\handler\codec\compression\Lz4FrameEncoderTest.java","Hamcrest"
"netty","D:\JUnit5Projects\netty\codec\src\test\java\io\netty\handler\codec\compression\Lz4FrameEncoderTest.java","Hamcrest"
"netty","D:\JUnit5Projects\netty\codec\src\test\java\io\netty\handler\codec\compression\Lz4FrameEncoderTest.java","Hamcrest"
"netty","D:\JUnit5Projects\netty\codec\src\test\java\io\netty\handler\codec\compression\Lz4FrameEncoderTest.java","Hamcrest"
"netty","D:\JUnit5Projects\netty\codec\src\test\java\io\netty\handler\codec\compression\Lz4FrameEncoderTest.java","Mockito"
"netty","D:\JUnit5Projects\netty\codec\src\test\java\io\netty\handler\codec\LineBasedFrameDecoderTest.java","Hamcrest"
"netty","D:\JUnit5Projects\netty\codec\src\test\java\io\netty\handler\codec\LineBasedFrameDecoderTest.java","Hamcrest"
"netty","D:\JUnit5Projects\netty\codec\src\test\java\io\netty\handler\codec\MessageAggregatorTest.java","Mockito"
"netty","D:\JUnit5Projects\netty\codec\src\test\java\io\netty\handler\codec\protobuf\ProtobufVarint32FrameDecoderTest.java","Hamcrest"
"netty","D:\JUnit5Projects\netty\codec\src\test\java\io\netty\handler\codec\protobuf\ProtobufVarint32FrameDecoderTest.java","Hamcrest"
"netty","D:\JUnit5Projects\netty\codec\src\test\java\io\netty\handler\codec\protobuf\ProtobufVarint32FrameDecoderTest.java","Hamcrest"
"netty","D:\JUnit5Projects\netty\codec\src\test\java\io\netty\handler\codec\protobuf\ProtobufVarint32LengthFieldPrependerTest.java","Hamcrest"
"netty","D:\JUnit5Projects\netty\codec\src\test\java\io\netty\handler\codec\protobuf\ProtobufVarint32LengthFieldPrependerTest.java","Hamcrest"
"netty","D:\JUnit5Projects\netty\codec\src\test\java\io\netty\handler\codec\xml\XmlFrameDecoderTest.java","Hamcrest"
"netty","D:\JUnit5Projects\netty\codec\src\test\java\io\netty\handler\codec\xml\XmlFrameDecoderTest.java","Hamcrest"
"netty","D:\JUnit5Projects\netty\codec-dns\src\test\java\io\netty\handler\codec\dns\DnsQueryTest.java","Hamcrest"
"netty","D:\JUnit5Projects\netty\codec-dns\src\test\java\io\netty\handler\codec\dns\DnsQueryTest.java","Hamcrest"
"netty","D:\JUnit5Projects\netty\codec-dns\src\test\java\io\netty\handler\codec\dns\DnsResponseTest.java","Hamcrest"
"netty","D:\JUnit5Projects\netty\codec-dns\src\test\java\io\netty\handler\codec\dns\DnsResponseTest.java","Hamcrest"
"netty","D:\JUnit5Projects\netty\codec-http\src\test\java\io\netty\handler\codec\http\CombinedHttpHeadersTest.java","Hamcrest"
"netty","D:\JUnit5Projects\netty\codec-http\src\test\java\io\netty\handler\codec\http\CombinedHttpHeadersTest.java","Hamcrest"
"netty","D:\JUnit5Projects\netty\codec-http\src\test\java\io\netty\handler\codec\http\cookie\ClientCookieDecoderTest.java","Hamcrest"
"netty","D:\JUnit5Projects\netty\codec-http\src\test\java\io\netty\handler\codec\http\cookie\ClientCookieDecoderTest.java","Hamcrest"
"netty","D:\JUnit5Projects\netty\codec-http\src\test\java\io\netty\handler\codec\http\cookie\ClientCookieDecoderTest.java","Hamcrest"
"netty","D:\JUnit5Projects\netty\codec-http\src\test\java\io\netty\handler\codec\http\cookie\ServerCookieEncoderTest.java","Hamcrest"
"netty","D:\JUnit5Projects\netty\codec-http\src\test\java\io\netty\handler\codec\http\cookie\ServerCookieEncoderTest.java","Hamcrest"
"netty","D:\JUnit5Projects\netty\codec-http\src\test\java\io\netty\handler\codec\http\cors\CorsConfigTest.java","Hamcrest"
"netty","D:\JUnit5Projects\netty\codec-http\src\test\java\io\netty\handler\codec\http\cors\CorsConfigTest.java","Hamcrest"
"netty","D:\JUnit5Projects\netty\codec-http\src\test\java\io\netty\handler\codec\http\cors\CorsConfigTest.java","Hamcrest"
"netty","D:\JUnit5Projects\netty\codec-http\src\test\java\io\netty\handler\codec\http\cors\CorsConfigTest.java","Hamcrest"
"netty","D:\JUnit5Projects\netty\codec-http\src\test\java\io\netty\handler\codec\http\cors\CorsConfigTest.java","Hamcrest"
"netty","D:\JUnit5Projects\netty\codec-http\src\test\java\io\netty\handler\codec\http\cors\CorsHandlerTest.java","Hamcrest"
"netty","D:\JUnit5Projects\netty\codec-http\src\test\java\io\netty\handler\codec\http\cors\CorsHandlerTest.java","Hamcrest"
"netty","D:\JUnit5Projects\netty\codec-http\src\test\java\io\netty\handler\codec\http\cors\CorsHandlerTest.java","Hamcrest"
"netty","D:\JUnit5Projects\netty\codec-http\src\test\java\io\netty\handler\codec\http\cors\CorsHandlerTest.java","Hamcrest"
"netty","D:\JUnit5Projects\netty\codec-http\src\test\java\io\netty\handler\codec\http\DefaultHttpHeadersTest.java","Hamcrest"
"netty","D:\JUnit5Projects\netty\codec-http\src\test\java\io\netty\handler\codec\http\DefaultHttpHeadersTest.java","Hamcrest"
"netty","D:\JUnit5Projects\netty\codec-http\src\test\java\io\netty\handler\codec\http\HttpClientCodecTest.java","Hamcrest"
"netty","D:\JUnit5Projects\netty\codec-http\src\test\java\io\netty\handler\codec\http\HttpClientCodecTest.java","Hamcrest"
"netty","D:\JUnit5Projects\netty\codec-http\src\test\java\io\netty\handler\codec\http\HttpClientCodecTest.java","Hamcrest"
"netty","D:\JUnit5Projects\netty\codec-http\src\test\java\io\netty\handler\codec\http\HttpClientCodecTest.java","Hamcrest"
"netty","D:\JUnit5Projects\netty\codec-http\src\test\java\io\netty\handler\codec\http\HttpContentCompressorTest.java","Hamcrest"
"netty","D:\JUnit5Projects\netty\codec-http\src\test\java\io\netty\handler\codec\http\HttpContentCompressorTest.java","Hamcrest"
"netty","D:\JUnit5Projects\netty\codec-http\src\test\java\io\netty\handler\codec\http\HttpContentCompressorTest.java","Hamcrest"
"netty","D:\JUnit5Projects\netty\codec-http\src\test\java\io\netty\handler\codec\http\HttpContentCompressorTest.java","Hamcrest"
"netty","D:\JUnit5Projects\netty\codec-http\src\test\java\io\netty\handler\codec\http\HttpContentCompressorTest.java","Hamcrest"
"netty","D:\JUnit5Projects\netty\codec-http\src\test\java\io\netty\handler\codec\http\HttpContentDecoderTest.java","Hamcrest"
"netty","D:\JUnit5Projects\netty\codec-http\src\test\java\io\netty\handler\codec\http\HttpContentDecoderTest.java","Hamcrest"
"netty","D:\JUnit5Projects\netty\codec-http\src\test\java\io\netty\handler\codec\http\HttpContentDecoderTest.java","Hamcrest"
"netty","D:\JUnit5Projects\netty\codec-http\src\test\java\io\netty\handler\codec\http\HttpContentEncoderTest.java","Hamcrest"
"netty","D:\JUnit5Projects\netty\codec-http\src\test\java\io\netty\handler\codec\http\HttpContentEncoderTest.java","Hamcrest"
"netty","D:\JUnit5Projects\netty\codec-http\src\test\java\io\netty\handler\codec\http\HttpContentEncoderTest.java","Hamcrest"
"netty","D:\JUnit5Projects\netty\codec-http\src\test\java\io\netty\handler\codec\http\HttpContentEncoderTest.java","Hamcrest"
"netty","D:\JUnit5Projects\netty\codec-http\src\test\java\io\netty\handler\codec\http\HttpContentEncoderTest.java","Hamcrest"
"netty","D:\JUnit5Projects\netty\codec-http\src\test\java\io\netty\handler\codec\http\HttpHeadersTest.java","Hamcrest"
"netty","D:\JUnit5Projects\netty\codec-http\src\test\java\io\netty\handler\codec\http\HttpHeadersTest.java","Hamcrest"
"netty","D:\JUnit5Projects\netty\codec-http\src\test\java\io\netty\handler\codec\http\HttpObjectAggregatorTest.java","Mockito"
"netty","D:\JUnit5Projects\netty\codec-http\src\test\java\io\netty\handler\codec\http\HttpObjectAggregatorTest.java","Hamcrest"
"netty","D:\JUnit5Projects\netty\codec-http\src\test\java\io\netty\handler\codec\http\HttpObjectAggregatorTest.java","Hamcrest"
"netty","D:\JUnit5Projects\netty\codec-http\src\test\java\io\netty\handler\codec\http\HttpObjectAggregatorTest.java","Hamcrest"
"netty","D:\JUnit5Projects\netty\codec-http\src\test\java\io\netty\handler\codec\http\HttpRequestDecoderTest.java","Hamcrest"
"netty","D:\JUnit5Projects\netty\codec-http\src\test\java\io\netty\handler\codec\http\HttpRequestDecoderTest.java","Hamcrest"
"netty","D:\JUnit5Projects\netty\codec-http\src\test\java\io\netty\handler\codec\http\HttpRequestDecoderTest.java","Hamcrest"
"netty","D:\JUnit5Projects\netty\codec-http\src\test\java\io\netty\handler\codec\http\HttpRequestDecoderTest.java","Hamcrest"
"netty","D:\JUnit5Projects\netty\codec-http\src\test\java\io\netty\handler\codec\http\HttpRequestEncoderTest.java","Hamcrest"
"netty","D:\JUnit5Projects\netty\codec-http\src\test\java\io\netty\handler\codec\http\HttpRequestEncoderTest.java","Hamcrest"
"netty","D:\JUnit5Projects\netty\codec-http\src\test\java\io\netty\handler\codec\http\HttpRequestEncoderTest.java","Hamcrest"
"netty","D:\JUnit5Projects\netty\codec-http\src\test\java\io\netty\handler\codec\http\HttpResponseDecoderTest.java","Hamcrest"
"netty","D:\JUnit5Projects\netty\codec-http\src\test\java\io\netty\handler\codec\http\HttpResponseDecoderTest.java","Hamcrest"
"netty","D:\JUnit5Projects\netty\codec-http\src\test\java\io\netty\handler\codec\http\HttpResponseDecoderTest.java","Hamcrest"
"netty","D:\JUnit5Projects\netty\codec-http\src\test\java\io\netty\handler\codec\http\HttpResponseDecoderTest.java","Hamcrest"
"netty","D:\JUnit5Projects\netty\codec-http\src\test\java\io\netty\handler\codec\http\HttpResponseDecoderTest.java","Hamcrest"
"netty","D:\JUnit5Projects\netty\codec-http\src\test\java\io\netty\handler\codec\http\HttpResponseDecoderTest.java","Hamcrest"
"netty","D:\JUnit5Projects\netty\codec-http\src\test\java\io\netty\handler\codec\http\HttpResponseEncoderTest.java","Hamcrest"
"netty","D:\JUnit5Projects\netty\codec-http\src\test\java\io\netty\handler\codec\http\HttpResponseEncoderTest.java","Hamcrest"
"netty","D:\JUnit5Projects\netty\codec-http\src\test\java\io\netty\handler\codec\http\HttpServerCodecTest.java","Hamcrest"
"netty","D:\JUnit5Projects\netty\codec-http\src\test\java\io\netty\handler\codec\http\HttpServerCodecTest.java","Hamcrest"
"netty","D:\JUnit5Projects\netty\codec-http\src\test\java\io\netty\handler\codec\http\HttpServerExpectContinueHandlerTest.java","Hamcrest"
"netty","D:\JUnit5Projects\netty\codec-http\src\test\java\io\netty\handler\codec\http\HttpServerExpectContinueHandlerTest.java","Hamcrest"
"netty","D:\JUnit5Projects\netty\codec-http\src\test\java\io\netty\handler\codec\http\MultipleContentLengthHeadersTest.java","Hamcrest"
"netty","D:\JUnit5Projects\netty\codec-http\src\test\java\io\netty\handler\codec\http\MultipleContentLengthHeadersTest.java","Hamcrest"
"netty","D:\JUnit5Projects\netty\codec-http\src\test\java\io\netty\handler\codec\http\MultipleContentLengthHeadersTest.java","Hamcrest"
"netty","D:\JUnit5Projects\netty\codec-http\src\test\java\io\netty\handler\codec\http\MultipleContentLengthHeadersTest.java","Hamcrest"
"netty","D:\JUnit5Projects\netty\codec-http\src\test\java\io\netty\handler\codec\http\MultipleContentLengthHeadersTest.java","Hamcrest"
"netty","D:\JUnit5Projects\netty\codec-http\src\test\java\io\netty\handler\codec\http\websocketx\extensions\WebSocketClientExtensionHandlerTest.java","Mockito"
"netty","D:\JUnit5Projects\netty\codec-http\src\test\java\io\netty\handler\codec\http\websocketx\extensions\WebSocketClientExtensionHandlerTest.java","Mockito"
"netty","D:\JUnit5Projects\netty\codec-http\src\test\java\io\netty\handler\codec\http\websocketx\extensions\WebSocketClientExtensionHandlerTest.java","Mockito"
"netty","D:\JUnit5Projects\netty\codec-http\src\test\java\io\netty\handler\codec\http\websocketx\extensions\WebSocketClientExtensionHandlerTest.java","Mockito"
"netty","D:\JUnit5Projects\netty\codec-http\src\test\java\io\netty\handler\codec\http\websocketx\extensions\WebSocketClientExtensionHandlerTest.java","Mockito"
"netty","D:\JUnit5Projects\netty\codec-http\src\test\java\io\netty\handler\codec\http\websocketx\extensions\WebSocketServerExtensionHandlerTest.java","Mockito"
"netty","D:\JUnit5Projects\netty\codec-http\src\test\java\io\netty\handler\codec\http\websocketx\WebSocket08FrameDecoderTest.java","Mockito"
"netty","D:\JUnit5Projects\netty\codec-http\src\test\java\io\netty\handler\codec\http\websocketx\WebSocket08FrameDecoderTest.java","Mockito"
"netty","D:\JUnit5Projects\netty\codec-http\src\test\java\io\netty\handler\codec\http\websocketx\WebSocketCloseStatusTest.java","Hamcrest"
"netty","D:\JUnit5Projects\netty\codec-http\src\test\java\io\netty\handler\codec\http\websocketx\WebSocketCloseStatusTest.java","Hamcrest"
"netty","D:\JUnit5Projects\netty\codec-http\src\test\java\io\netty\handler\codec\http\websocketx\WebSocketProtocolHandlerTest.java","Hamcrest"
"netty","D:\JUnit5Projects\netty\codec-http\src\test\java\io\netty\handler\codec\http\websocketx\WebSocketProtocolHandlerTest.java","Hamcrest"
"netty","D:\JUnit5Projects\netty\codec-http\src\test\java\io\netty\handler\codec\http\websocketx\WebSocketServerHandshaker13Test.java","Hamcrest"
"netty","D:\JUnit5Projects\netty\codec-http\src\test\java\io\netty\handler\codec\http\websocketx\WebSocketServerHandshaker13Test.java","Hamcrest"
"netty","D:\JUnit5Projects\netty\codec-http\src\test\java\io\netty\handler\codec\spdy\SpdyFrameDecoderTest.java","Mockito"
"netty","D:\JUnit5Projects\netty\codec-http2\src\test\java\io\netty\handler\codec\http2\CleartextHttp2ServerUpgradeHandlerTest.java","Mockito"
"netty","D:\JUnit5Projects\netty\codec-http2\src\test\java\io\netty\handler\codec\http2\CleartextHttp2ServerUpgradeHandlerTest.java","Mockito"
"netty","D:\JUnit5Projects\netty\codec-http2\src\test\java\io\netty\handler\codec\http2\CleartextHttp2ServerUpgradeHandlerTest.java","Mockito"
"netty","D:\JUnit5Projects\netty\codec-http2\src\test\java\io\netty\handler\codec\http2\CleartextHttp2ServerUpgradeHandlerTest.java","Mockito"
"netty","D:\JUnit5Projects\netty\codec-http2\src\test\java\io\netty\handler\codec\http2\DataCompressionHttp2Test.java","Mockito"
"netty","D:\JUnit5Projects\netty\codec-http2\src\test\java\io\netty\handler\codec\http2\DataCompressionHttp2Test.java","Mockito"
"netty","D:\JUnit5Projects\netty\codec-http2\src\test\java\io\netty\handler\codec\http2\DataCompressionHttp2Test.java","Mockito"
"netty","D:\JUnit5Projects\netty\codec-http2\src\test\java\io\netty\handler\codec\http2\DataCompressionHttp2Test.java","Mockito"
"netty","D:\JUnit5Projects\netty\codec-http2\src\test\java\io\netty\handler\codec\http2\DataCompressionHttp2Test.java","Mockito"
"netty","D:\JUnit5Projects\netty\codec-http2\src\test\java\io\netty\handler\codec\http2\DataCompressionHttp2Test.java","Mockito"
"netty","D:\JUnit5Projects\netty\codec-http2\src\test\java\io\netty\handler\codec\http2\DataCompressionHttp2Test.java","Mockito"
"netty","D:\JUnit5Projects\netty\codec-http2\src\test\java\io\netty\handler\codec\http2\DataCompressionHttp2Test.java","Mockito"
"netty","D:\JUnit5Projects\netty\codec-http2\src\test\java\io\netty\handler\codec\http2\DataCompressionHttp2Test.java","Mockito"
"netty","D:\JUnit5Projects\netty\codec-http2\src\test\java\io\netty\handler\codec\http2\DataCompressionHttp2Test.java","Mockito"
"netty","D:\JUnit5Projects\netty\codec-http2\src\test\java\io\netty\handler\codec\http2\DataCompressionHttp2Test.java","Mockito"
"netty","D:\JUnit5Projects\netty\codec-http2\src\test\java\io\netty\handler\codec\http2\DecoratingHttp2ConnectionEncoderTest.java","Mockito"
"netty","D:\JUnit5Projects\netty\codec-http2\src\test\java\io\netty\handler\codec\http2\DecoratingHttp2ConnectionEncoderTest.java","Mockito"
"netty","D:\JUnit5Projects\netty\codec-http2\src\test\java\io\netty\handler\codec\http2\DecoratingHttp2ConnectionEncoderTest.java","Mockito"
"netty","D:\JUnit5Projects\netty\codec-http2\src\test\java\io\netty\handler\codec\http2\DecoratingHttp2ConnectionEncoderTest.java","Mockito"
"netty","D:\JUnit5Projects\netty\codec-http2\src\test\java\io\netty\handler\codec\http2\DefaultHttp2ConnectionDecoderTest.java","Mockito"
"netty","D:\JUnit5Projects\netty\codec-http2\src\test\java\io\netty\handler\codec\http2\DefaultHttp2ConnectionDecoderTest.java","Mockito"
"netty","D:\JUnit5Projects\netty\codec-http2\src\test\java\io\netty\handler\codec\http2\DefaultHttp2ConnectionDecoderTest.java","Mockito"
"netty","D:\JUnit5Projects\netty\codec-http2\src\test\java\io\netty\handler\codec\http2\DefaultHttp2ConnectionDecoderTest.java","Mockito"
"netty","D:\JUnit5Projects\netty\codec-http2\src\test\java\io\netty\handler\codec\http2\DefaultHttp2ConnectionDecoderTest.java","Mockito"
"netty","D:\JUnit5Projects\netty\codec-http2\src\test\java\io\netty\handler\codec\http2\DefaultHttp2ConnectionDecoderTest.java","Hamcrest"
"netty","D:\JUnit5Projects\netty\codec-http2\src\test\java\io\netty\handler\codec\http2\DefaultHttp2ConnectionDecoderTest.java","Hamcrest"
"netty","D:\JUnit5Projects\netty\codec-http2\src\test\java\io\netty\handler\codec\http2\DefaultHttp2ConnectionDecoderTest.java","Hamcrest"
"netty","D:\JUnit5Projects\netty\codec-http2\src\test\java\io\netty\handler\codec\http2\DefaultHttp2ConnectionDecoderTest.java","Mockito"
"netty","D:\JUnit5Projects\netty\codec-http2\src\test\java\io\netty\handler\codec\http2\DefaultHttp2ConnectionDecoderTest.java","Mockito"
"netty","D:\JUnit5Projects\netty\codec-http2\src\test\java\io\netty\handler\codec\http2\DefaultHttp2ConnectionDecoderTest.java","Mockito"
"netty","D:\JUnit5Projects\netty\codec-http2\src\test\java\io\netty\handler\codec\http2\DefaultHttp2ConnectionDecoderTest.java","Mockito"
"netty","D:\JUnit5Projects\netty\codec-http2\src\test\java\io\netty\handler\codec\http2\DefaultHttp2ConnectionDecoderTest.java","Mockito"
"netty","D:\JUnit5Projects\netty\codec-http2\src\test\java\io\netty\handler\codec\http2\DefaultHttp2ConnectionDecoderTest.java","Mockito"
"netty","D:\JUnit5Projects\netty\codec-http2\src\test\java\io\netty\handler\codec\http2\DefaultHttp2ConnectionDecoderTest.java","Mockito"
"netty","D:\JUnit5Projects\netty\codec-http2\src\test\java\io\netty\handler\codec\http2\DefaultHttp2ConnectionDecoderTest.java","Mockito"
"netty","D:\JUnit5Projects\netty\codec-http2\src\test\java\io\netty\handler\codec\http2\DefaultHttp2ConnectionDecoderTest.java","Mockito"
"netty","D:\JUnit5Projects\netty\codec-http2\src\test\java\io\netty\handler\codec\http2\DefaultHttp2ConnectionDecoderTest.java","Mockito"
"netty","D:\JUnit5Projects\netty\codec-http2\src\test\java\io\netty\handler\codec\http2\DefaultHttp2ConnectionDecoderTest.java","Mockito"
"netty","D:\JUnit5Projects\netty\codec-http2\src\test\java\io\netty\handler\codec\http2\DefaultHttp2ConnectionDecoderTest.java","Mockito"
"netty","D:\JUnit5Projects\netty\codec-http2\src\test\java\io\netty\handler\codec\http2\DefaultHttp2ConnectionDecoderTest.java","Mockito"
"netty","D:\JUnit5Projects\netty\codec-http2\src\test\java\io\netty\handler\codec\http2\DefaultHttp2ConnectionDecoderTest.java","Mockito"
"netty","D:\JUnit5Projects\netty\codec-http2\src\test\java\io\netty\handler\codec\http2\DefaultHttp2ConnectionEncoderTest.java","Mockito"
"netty","D:\JUnit5Projects\netty\codec-http2\src\test\java\io\netty\handler\codec\http2\DefaultHttp2ConnectionEncoderTest.java","Mockito"
"netty","D:\JUnit5Projects\netty\codec-http2\src\test\java\io\netty\handler\codec\http2\DefaultHttp2ConnectionEncoderTest.java","Mockito"
"netty","D:\JUnit5Projects\netty\codec-http2\src\test\java\io\netty\handler\codec\http2\DefaultHttp2ConnectionEncoderTest.java","Mockito"
"netty","D:\JUnit5Projects\netty\codec-http2\src\test\java\io\netty\handler\codec\http2\DefaultHttp2ConnectionEncoderTest.java","Mockito"
"netty","D:\JUnit5Projects\netty\codec-http2\src\test\java\io\netty\handler\codec\http2\DefaultHttp2ConnectionEncoderTest.java","Mockito"
"netty","D:\JUnit5Projects\netty\codec-http2\src\test\java\io\netty\handler\codec\http2\DefaultHttp2ConnectionEncoderTest.java","Hamcrest"
"netty","D:\JUnit5Projects\netty\codec-http2\src\test\java\io\netty\handler\codec\http2\DefaultHttp2ConnectionEncoderTest.java","Hamcrest"
"netty","D:\JUnit5Projects\netty\codec-http2\src\test\java\io\netty\handler\codec\http2\DefaultHttp2ConnectionEncoderTest.java","Mockito"
"netty","D:\JUnit5Projects\netty\codec-http2\src\test\java\io\netty\handler\codec\http2\DefaultHttp2ConnectionEncoderTest.java","Mockito"
"netty","D:\JUnit5Projects\netty\codec-http2\src\test\java\io\netty\handler\codec\http2\DefaultHttp2ConnectionEncoderTest.java","Mockito"
"netty","D:\JUnit5Projects\netty\codec-http2\src\test\java\io\netty\handler\codec\http2\DefaultHttp2ConnectionEncoderTest.java","Mockito"
"netty","D:\JUnit5Projects\netty\codec-http2\src\test\java\io\netty\handler\codec\http2\DefaultHttp2ConnectionEncoderTest.java","Mockito"
"netty","D:\JUnit5Projects\netty\codec-http2\src\test\java\io\netty\handler\codec\http2\DefaultHttp2ConnectionEncoderTest.java","Mockito"
"netty","D:\JUnit5Projects\netty\codec-http2\src\test\java\io\netty\handler\codec\http2\DefaultHttp2ConnectionEncoderTest.java","Mockito"
"netty","D:\JUnit5Projects\netty\codec-http2\src\test\java\io\netty\handler\codec\http2\DefaultHttp2ConnectionEncoderTest.java","Mockito"
"netty","D:\JUnit5Projects\netty\codec-http2\src\test\java\io\netty\handler\codec\http2\DefaultHttp2ConnectionEncoderTest.java","Mockito"
"netty","D:\JUnit5Projects\netty\codec-http2\src\test\java\io\netty\handler\codec\http2\DefaultHttp2ConnectionEncoderTest.java","Mockito"
"netty","D:\JUnit5Projects\netty\codec-http2\src\test\java\io\netty\handler\codec\http2\DefaultHttp2ConnectionEncoderTest.java","Mockito"
"netty","D:\JUnit5Projects\netty\codec-http2\src\test\java\io\netty\handler\codec\http2\DefaultHttp2ConnectionEncoderTest.java","Mockito"
"netty","D:\JUnit5Projects\netty\codec-http2\src\test\java\io\netty\handler\codec\http2\DefaultHttp2ConnectionEncoderTest.java","Mockito"
"netty","D:\JUnit5Projects\netty\codec-http2\src\test\java\io\netty\handler\codec\http2\DefaultHttp2ConnectionEncoderTest.java","Mockito"
"netty","D:\JUnit5Projects\netty\codec-http2\src\test\java\io\netty\handler\codec\http2\DefaultHttp2ConnectionEncoderTest.java","Mockito"
"netty","D:\JUnit5Projects\netty\codec-http2\src\test\java\io\netty\handler\codec\http2\DefaultHttp2ConnectionTest.java","Mockito"
"netty","D:\JUnit5Projects\netty\codec-http2\src\test\java\io\netty\handler\codec\http2\DefaultHttp2ConnectionTest.java","Mockito"
"netty","D:\JUnit5Projects\netty\codec-http2\src\test\java\io\netty\handler\codec\http2\DefaultHttp2ConnectionTest.java","Mockito"
"netty","D:\JUnit5Projects\netty\codec-http2\src\test\java\io\netty\handler\codec\http2\DefaultHttp2ConnectionTest.java","Mockito"
"netty","D:\JUnit5Projects\netty\codec-http2\src\test\java\io\netty\handler\codec\http2\DefaultHttp2ConnectionTest.java","Mockito"
"netty","D:\JUnit5Projects\netty\codec-http2\src\test\java\io\netty\handler\codec\http2\DefaultHttp2ConnectionTest.java","Mockito"
"netty","D:\JUnit5Projects\netty\codec-http2\src\test\java\io\netty\handler\codec\http2\DefaultHttp2ConnectionTest.java","Mockito"
"netty","D:\JUnit5Projects\netty\codec-http2\src\test\java\io\netty\handler\codec\http2\DefaultHttp2ConnectionTest.java","Mockito"
"netty","D:\JUnit5Projects\netty\codec-http2\src\test\java\io\netty\handler\codec\http2\DefaultHttp2ConnectionTest.java","Mockito"
"netty","D:\JUnit5Projects\netty\codec-http2\src\test\java\io\netty\handler\codec\http2\DefaultHttp2ConnectionTest.java","Mockito"
"netty","D:\JUnit5Projects\netty\codec-http2\src\test\java\io\netty\handler\codec\http2\DefaultHttp2ConnectionTest.java","Mockito"
"netty","D:\JUnit5Projects\netty\codec-http2\src\test\java\io\netty\handler\codec\http2\DefaultHttp2ConnectionTest.java","Mockito"
"netty","D:\JUnit5Projects\netty\codec-http2\src\test\java\io\netty\handler\codec\http2\DefaultHttp2FrameReaderTest.java","Mockito"
"netty","D:\JUnit5Projects\netty\codec-http2\src\test\java\io\netty\handler\codec\http2\DefaultHttp2FrameReaderTest.java","Mockito"
"netty","D:\JUnit5Projects\netty\codec-http2\src\test\java\io\netty\handler\codec\http2\DefaultHttp2FrameReaderTest.java","Mockito"
"netty","D:\JUnit5Projects\netty\codec-http2\src\test\java\io\netty\handler\codec\http2\DefaultHttp2FrameWriterTest.java","Mockito"
"netty","D:\JUnit5Projects\netty\codec-http2\src\test\java\io\netty\handler\codec\http2\DefaultHttp2FrameWriterTest.java","Mockito"
"netty","D:\JUnit5Projects\netty\codec-http2\src\test\java\io\netty\handler\codec\http2\DefaultHttp2FrameWriterTest.java","Mockito"
"netty","D:\JUnit5Projects\netty\codec-http2\src\test\java\io\netty\handler\codec\http2\DefaultHttp2FrameWriterTest.java","Mockito"
"netty","D:\JUnit5Projects\netty\codec-http2\src\test\java\io\netty\handler\codec\http2\DefaultHttp2FrameWriterTest.java","Mockito"
"netty","D:\JUnit5Projects\netty\codec-http2\src\test\java\io\netty\handler\codec\http2\DefaultHttp2LocalFlowControllerTest.java","Mockito"
"netty","D:\JUnit5Projects\netty\codec-http2\src\test\java\io\netty\handler\codec\http2\DefaultHttp2LocalFlowControllerTest.java","Mockito"
"netty","D:\JUnit5Projects\netty\codec-http2\src\test\java\io\netty\handler\codec\http2\DefaultHttp2LocalFlowControllerTest.java","Mockito"
"netty","D:\JUnit5Projects\netty\codec-http2\src\test\java\io\netty\handler\codec\http2\DefaultHttp2LocalFlowControllerTest.java","Mockito"
"netty","D:\JUnit5Projects\netty\codec-http2\src\test\java\io\netty\handler\codec\http2\DefaultHttp2LocalFlowControllerTest.java","Mockito"
"netty","D:\JUnit5Projects\netty\codec-http2\src\test\java\io\netty\handler\codec\http2\DefaultHttp2LocalFlowControllerTest.java","Mockito"
"netty","D:\JUnit5Projects\netty\codec-http2\src\test\java\io\netty\handler\codec\http2\DefaultHttp2LocalFlowControllerTest.java","Mockito"
"netty","D:\JUnit5Projects\netty\codec-http2\src\test\java\io\netty\handler\codec\http2\DefaultHttp2LocalFlowControllerTest.java","Mockito"
"netty","D:\JUnit5Projects\netty\codec-http2\src\test\java\io\netty\handler\codec\http2\DefaultHttp2LocalFlowControllerTest.java","Mockito"
"netty","D:\JUnit5Projects\netty\codec-http2\src\test\java\io\netty\handler\codec\http2\DefaultHttp2LocalFlowControllerTest.java","Mockito"
"netty","D:\JUnit5Projects\netty\codec-http2\src\test\java\io\netty\handler\codec\http2\DefaultHttp2LocalFlowControllerTest.java","Mockito"
"netty","D:\JUnit5Projects\netty\codec-http2\src\test\java\io\netty\handler\codec\http2\DefaultHttp2LocalFlowControllerTest.java","Mockito"
"netty","D:\JUnit5Projects\netty\codec-http2\src\test\java\io\netty\handler\codec\http2\DefaultHttp2LocalFlowControllerTest.java","Mockito"
"netty","D:\JUnit5Projects\netty\codec-http2\src\test\java\io\netty\handler\codec\http2\DefaultHttp2RemoteFlowControllerTest.java","Mockito"
"netty","D:\JUnit5Projects\netty\codec-http2\src\test\java\io\netty\handler\codec\http2\DefaultHttp2RemoteFlowControllerTest.java","Mockito"
"netty","D:\JUnit5Projects\netty\codec-http2\src\test\java\io\netty\handler\codec\http2\DefaultHttp2RemoteFlowControllerTest.java","Mockito"
"netty","D:\JUnit5Projects\netty\codec-http2\src\test\java\io\netty\handler\codec\http2\DefaultHttp2RemoteFlowControllerTest.java","Mockito"
"netty","D:\JUnit5Projects\netty\codec-http2\src\test\java\io\netty\handler\codec\http2\DefaultHttp2RemoteFlowControllerTest.java","Mockito"
"netty","D:\JUnit5Projects\netty\codec-http2\src\test\java\io\netty\handler\codec\http2\DefaultHttp2RemoteFlowControllerTest.java","Mockito"
"netty","D:\JUnit5Projects\netty\codec-http2\src\test\java\io\netty\handler\codec\http2\DefaultHttp2RemoteFlowControllerTest.java","Mockito"
"netty","D:\JUnit5Projects\netty\codec-http2\src\test\java\io\netty\handler\codec\http2\DefaultHttp2RemoteFlowControllerTest.java","Mockito"
"netty","D:\JUnit5Projects\netty\codec-http2\src\test\java\io\netty\handler\codec\http2\DefaultHttp2RemoteFlowControllerTest.java","Mockito"
"netty","D:\JUnit5Projects\netty\codec-http2\src\test\java\io\netty\handler\codec\http2\DefaultHttp2RemoteFlowControllerTest.java","Mockito"
"netty","D:\JUnit5Projects\netty\codec-http2\src\test\java\io\netty\handler\codec\http2\DefaultHttp2RemoteFlowControllerTest.java","Mockito"
"netty","D:\JUnit5Projects\netty\codec-http2\src\test\java\io\netty\handler\codec\http2\DefaultHttp2RemoteFlowControllerTest.java","Mockito"
"netty","D:\JUnit5Projects\netty\codec-http2\src\test\java\io\netty\handler\codec\http2\DefaultHttp2RemoteFlowControllerTest.java","Mockito"
"netty","D:\JUnit5Projects\netty\codec-http2\src\test\java\io\netty\handler\codec\http2\DefaultHttp2RemoteFlowControllerTest.java","Mockito"
"netty","D:\JUnit5Projects\netty\codec-http2\src\test\java\io\netty\handler\codec\http2\DefaultHttp2RemoteFlowControllerTest.java","Mockito"
"netty","D:\JUnit5Projects\netty\codec-http2\src\test\java\io\netty\handler\codec\http2\DefaultHttp2RemoteFlowControllerTest.java","Mockito"
"netty","D:\JUnit5Projects\netty\codec-http2\src\test\java\io\netty\handler\codec\http2\DefaultHttp2RemoteFlowControllerTest.java","Mockito"
"netty","D:\JUnit5Projects\netty\codec-http2\src\test\java\io\netty\handler\codec\http2\HpackDecoderTest.java","Hamcrest"
"netty","D:\JUnit5Projects\netty\codec-http2\src\test\java\io\netty\handler\codec\http2\HpackDecoderTest.java","Hamcrest"
"netty","D:\JUnit5Projects\netty\codec-http2\src\test\java\io\netty\handler\codec\http2\HpackDecoderTest.java","Hamcrest"
"netty","D:\JUnit5Projects\netty\codec-http2\src\test\java\io\netty\handler\codec\http2\HpackDecoderTest.java","Mockito"
"netty","D:\JUnit5Projects\netty\codec-http2\src\test\java\io\netty\handler\codec\http2\HpackDecoderTest.java","Mockito"
"netty","D:\JUnit5Projects\netty\codec-http2\src\test\java\io\netty\handler\codec\http2\HpackDecoderTest.java","Mockito"
"netty","D:\JUnit5Projects\netty\codec-http2\src\test\java\io\netty\handler\codec\http2\HpackDecoderTest.java","Mockito"
"netty","D:\JUnit5Projects\netty\codec-http2\src\test\java\io\netty\handler\codec\http2\HpackDecoderTest.java","Mockito"
"netty","D:\JUnit5Projects\netty\codec-http2\src\test\java\io\netty\handler\codec\http2\HpackEncoderTest.java","Mockito"
"netty","D:\JUnit5Projects\netty\codec-http2\src\test\java\io\netty\handler\codec\http2\Http2ConnectionHandlerTest.java","Mockito"
"netty","D:\JUnit5Projects\netty\codec-http2\src\test\java\io\netty\handler\codec\http2\Http2ConnectionHandlerTest.java","Mockito"
"netty","D:\JUnit5Projects\netty\codec-http2\src\test\java\io\netty\handler\codec\http2\Http2ConnectionHandlerTest.java","Mockito"
"netty","D:\JUnit5Projects\netty\codec-http2\src\test\java\io\netty\handler\codec\http2\Http2ConnectionHandlerTest.java","Mockito"
"netty","D:\JUnit5Projects\netty\codec-http2\src\test\java\io\netty\handler\codec\http2\Http2ConnectionHandlerTest.java","Mockito"
"netty","D:\JUnit5Projects\netty\codec-http2\src\test\java\io\netty\handler\codec\http2\Http2ConnectionHandlerTest.java","Mockito"
"netty","D:\JUnit5Projects\netty\codec-http2\src\test\java\io\netty\handler\codec\http2\Http2ConnectionHandlerTest.java","Mockito"
"netty","D:\JUnit5Projects\netty\codec-http2\src\test\java\io\netty\handler\codec\http2\Http2ConnectionHandlerTest.java","Mockito"
"netty","D:\JUnit5Projects\netty\codec-http2\src\test\java\io\netty\handler\codec\http2\Http2ConnectionHandlerTest.java","Mockito"
"netty","D:\JUnit5Projects\netty\codec-http2\src\test\java\io\netty\handler\codec\http2\Http2ConnectionHandlerTest.java","Mockito"
"netty","D:\JUnit5Projects\netty\codec-http2\src\test\java\io\netty\handler\codec\http2\Http2ConnectionHandlerTest.java","Mockito"
"netty","D:\JUnit5Projects\netty\codec-http2\src\test\java\io\netty\handler\codec\http2\Http2ConnectionHandlerTest.java","Mockito"
"netty","D:\JUnit5Projects\netty\codec-http2\src\test\java\io\netty\handler\codec\http2\Http2ConnectionHandlerTest.java","Mockito"
"netty","D:\JUnit5Projects\netty\codec-http2\src\test\java\io\netty\handler\codec\http2\Http2ConnectionHandlerTest.java","Mockito"
"netty","D:\JUnit5Projects\netty\codec-http2\src\test\java\io\netty\handler\codec\http2\Http2ConnectionHandlerTest.java","Mockito"
"netty","D:\JUnit5Projects\netty\codec-http2\src\test\java\io\netty\handler\codec\http2\Http2ConnectionHandlerTest.java","Mockito"
"netty","D:\JUnit5Projects\netty\codec-http2\src\test\java\io\netty\handler\codec\http2\Http2ConnectionHandlerTest.java","Mockito"
"netty","D:\JUnit5Projects\netty\codec-http2\src\test\java\io\netty\handler\codec\http2\Http2ConnectionHandlerTest.java","Mockito"
"netty","D:\JUnit5Projects\netty\codec-http2\src\test\java\io\netty\handler\codec\http2\Http2ConnectionHandlerTest.java","Mockito"
"netty","D:\JUnit5Projects\netty\codec-http2\src\test\java\io\netty\handler\codec\http2\Http2ConnectionRoundtripTest.java","Mockito"
"netty","D:\JUnit5Projects\netty\codec-http2\src\test\java\io\netty\handler\codec\http2\Http2ConnectionRoundtripTest.java","Mockito"
"netty","D:\JUnit5Projects\netty\codec-http2\src\test\java\io\netty\handler\codec\http2\Http2ConnectionRoundtripTest.java","Mockito"
"netty","D:\JUnit5Projects\netty\codec-http2\src\test\java\io\netty\handler\codec\http2\Http2ConnectionRoundtripTest.java","Mockito"
"netty","D:\JUnit5Projects\netty\codec-http2\src\test\java\io\netty\handler\codec\http2\Http2ConnectionRoundtripTest.java","Hamcrest"
"netty","D:\JUnit5Projects\netty\codec-http2\src\test\java\io\netty\handler\codec\http2\Http2ConnectionRoundtripTest.java","Hamcrest"
"netty","D:\JUnit5Projects\netty\codec-http2\src\test\java\io\netty\handler\codec\http2\Http2ConnectionRoundtripTest.java","Hamcrest"
"netty","D:\JUnit5Projects\netty\codec-http2\src\test\java\io\netty\handler\codec\http2\Http2ConnectionRoundtripTest.java","Hamcrest"
"netty","D:\JUnit5Projects\netty\codec-http2\src\test\java\io\netty\handler\codec\http2\Http2ConnectionRoundtripTest.java","Mockito"
"netty","D:\JUnit5Projects\netty\codec-http2\src\test\java\io\netty\handler\codec\http2\Http2ConnectionRoundtripTest.java","Mockito"
"netty","D:\JUnit5Projects\netty\codec-http2\src\test\java\io\netty\handler\codec\http2\Http2ConnectionRoundtripTest.java","Mockito"
"netty","D:\JUnit5Projects\netty\codec-http2\src\test\java\io\netty\handler\codec\http2\Http2ConnectionRoundtripTest.java","Mockito"
"netty","D:\JUnit5Projects\netty\codec-http2\src\test\java\io\netty\handler\codec\http2\Http2ConnectionRoundtripTest.java","Mockito"
"netty","D:\JUnit5Projects\netty\codec-http2\src\test\java\io\netty\handler\codec\http2\Http2ConnectionRoundtripTest.java","Mockito"
"netty","D:\JUnit5Projects\netty\codec-http2\src\test\java\io\netty\handler\codec\http2\Http2ConnectionRoundtripTest.java","Mockito"
"netty","D:\JUnit5Projects\netty\codec-http2\src\test\java\io\netty\handler\codec\http2\Http2ConnectionRoundtripTest.java","Mockito"
"netty","D:\JUnit5Projects\netty\codec-http2\src\test\java\io\netty\handler\codec\http2\Http2ConnectionRoundtripTest.java","Mockito"
"netty","D:\JUnit5Projects\netty\codec-http2\src\test\java\io\netty\handler\codec\http2\Http2ConnectionRoundtripTest.java","Mockito"
"netty","D:\JUnit5Projects\netty\codec-http2\src\test\java\io\netty\handler\codec\http2\Http2ConnectionRoundtripTest.java","Mockito"
"netty","D:\JUnit5Projects\netty\codec-http2\src\test\java\io\netty\handler\codec\http2\Http2ControlFrameLimitEncoderTest.java","Mockito"
"netty","D:\JUnit5Projects\netty\codec-http2\src\test\java\io\netty\handler\codec\http2\Http2ControlFrameLimitEncoderTest.java","Mockito"
"netty","D:\JUnit5Projects\netty\codec-http2\src\test\java\io\netty\handler\codec\http2\Http2ControlFrameLimitEncoderTest.java","Mockito"
"netty","D:\JUnit5Projects\netty\codec-http2\src\test\java\io\netty\handler\codec\http2\Http2ControlFrameLimitEncoderTest.java","Mockito"
"netty","D:\JUnit5Projects\netty\codec-http2\src\test\java\io\netty\handler\codec\http2\Http2ControlFrameLimitEncoderTest.java","Mockito"
"netty","D:\JUnit5Projects\netty\codec-http2\src\test\java\io\netty\handler\codec\http2\Http2EmptyDataFrameConnectionDecoderTest.java","Hamcrest"
"netty","D:\JUnit5Projects\netty\codec-http2\src\test\java\io\netty\handler\codec\http2\Http2EmptyDataFrameConnectionDecoderTest.java","Mockito"
"netty","D:\JUnit5Projects\netty\codec-http2\src\test\java\io\netty\handler\codec\http2\Http2EmptyDataFrameConnectionDecoderTest.java","Mockito"
"netty","D:\JUnit5Projects\netty\codec-http2\src\test\java\io\netty\handler\codec\http2\Http2EmptyDataFrameConnectionDecoderTest.java","Mockito"
"netty","D:\JUnit5Projects\netty\codec-http2\src\test\java\io\netty\handler\codec\http2\Http2EmptyDataFrameConnectionDecoderTest.java","Hamcrest"
"netty","D:\JUnit5Projects\netty\codec-http2\src\test\java\io\netty\handler\codec\http2\Http2EmptyDataFrameConnectionDecoderTest.java","Mockito"
"netty","D:\JUnit5Projects\netty\codec-http2\src\test\java\io\netty\handler\codec\http2\Http2EmptyDataFrameConnectionDecoderTest.java","Mockito"
"netty","D:\JUnit5Projects\netty\codec-http2\src\test\java\io\netty\handler\codec\http2\Http2EmptyDataFrameConnectionDecoderTest.java","Mockito"
"netty","D:\JUnit5Projects\netty\codec-http2\src\test\java\io\netty\handler\codec\http2\Http2EmptyDataFrameListenerTest.java","Mockito"
"netty","D:\JUnit5Projects\netty\codec-http2\src\test\java\io\netty\handler\codec\http2\Http2EmptyDataFrameListenerTest.java","Mockito"
"netty","D:\JUnit5Projects\netty\codec-http2\src\test\java\io\netty\handler\codec\http2\Http2EmptyDataFrameListenerTest.java","Mockito"
"netty","D:\JUnit5Projects\netty\codec-http2\src\test\java\io\netty\handler\codec\http2\Http2EmptyDataFrameListenerTest.java","Mockito"
"netty","D:\JUnit5Projects\netty\codec-http2\src\test\java\io\netty\handler\codec\http2\Http2EmptyDataFrameListenerTest.java","Mockito"
"netty","D:\JUnit5Projects\netty\codec-http2\src\test\java\io\netty\handler\codec\http2\Http2EmptyDataFrameListenerTest.java","Mockito"
"netty","D:\JUnit5Projects\netty\codec-http2\src\test\java\io\netty\handler\codec\http2\Http2EmptyDataFrameListenerTest.java","Mockito"
"netty","D:\JUnit5Projects\netty\codec-http2\src\test\java\io\netty\handler\codec\http2\Http2FrameCodecTest.java","Mockito"
"netty","D:\JUnit5Projects\netty\codec-http2\src\test\java\io\netty\handler\codec\http2\Http2FrameCodecTest.java","Hamcrest"
"netty","D:\JUnit5Projects\netty\codec-http2\src\test\java\io\netty\handler\codec\http2\Http2FrameCodecTest.java","Hamcrest"
"netty","D:\JUnit5Projects\netty\codec-http2\src\test\java\io\netty\handler\codec\http2\Http2FrameCodecTest.java","Mockito"
"netty","D:\JUnit5Projects\netty\codec-http2\src\test\java\io\netty\handler\codec\http2\Http2FrameCodecTest.java","Mockito"
"netty","D:\JUnit5Projects\netty\codec-http2\src\test\java\io\netty\handler\codec\http2\Http2FrameCodecTest.java","Mockito"
"netty","D:\JUnit5Projects\netty\codec-http2\src\test\java\io\netty\handler\codec\http2\Http2FrameCodecTest.java","Mockito"
"netty","D:\JUnit5Projects\netty\codec-http2\src\test\java\io\netty\handler\codec\http2\Http2FrameCodecTest.java","Mockito"
"netty","D:\JUnit5Projects\netty\codec-http2\src\test\java\io\netty\handler\codec\http2\Http2FrameCodecTest.java","Mockito"
"netty","D:\JUnit5Projects\netty\codec-http2\src\test\java\io\netty\handler\codec\http2\Http2FrameCodecTest.java","Mockito"
"netty","D:\JUnit5Projects\netty\codec-http2\src\test\java\io\netty\handler\codec\http2\Http2FrameCodecTest.java","Mockito"
"netty","D:\JUnit5Projects\netty\codec-http2\src\test\java\io\netty\handler\codec\http2\Http2FrameRoundtripTest.java","Mockito"
"netty","D:\JUnit5Projects\netty\codec-http2\src\test\java\io\netty\handler\codec\http2\Http2FrameRoundtripTest.java","Mockito"
"netty","D:\JUnit5Projects\netty\codec-http2\src\test\java\io\netty\handler\codec\http2\Http2FrameRoundtripTest.java","Mockito"
"netty","D:\JUnit5Projects\netty\codec-http2\src\test\java\io\netty\handler\codec\http2\Http2FrameRoundtripTest.java","Mockito"
"netty","D:\JUnit5Projects\netty\codec-http2\src\test\java\io\netty\handler\codec\http2\Http2FrameRoundtripTest.java","Mockito"
"netty","D:\JUnit5Projects\netty\codec-http2\src\test\java\io\netty\handler\codec\http2\Http2FrameRoundtripTest.java","Mockito"
"netty","D:\JUnit5Projects\netty\codec-http2\src\test\java\io\netty\handler\codec\http2\Http2FrameRoundtripTest.java","Mockito"
"netty","D:\JUnit5Projects\netty\codec-http2\src\test\java\io\netty\handler\codec\http2\Http2FrameRoundtripTest.java","Mockito"
"netty","D:\JUnit5Projects\netty\codec-http2\src\test\java\io\netty\handler\codec\http2\Http2FrameRoundtripTest.java","Mockito"
"netty","D:\JUnit5Projects\netty\codec-http2\src\test\java\io\netty\handler\codec\http2\Http2FrameRoundtripTest.java","Mockito"
"netty","D:\JUnit5Projects\netty\codec-http2\src\test\java\io\netty\handler\codec\http2\Http2FrameRoundtripTest.java","Mockito"
"netty","D:\JUnit5Projects\netty\codec-http2\src\test\java\io\netty\handler\codec\http2\Http2FrameRoundtripTest.java","Mockito"
"netty","D:\JUnit5Projects\netty\codec-http2\src\test\java\io\netty\handler\codec\http2\Http2FrameRoundtripTest.java","Mockito"
"netty","D:\JUnit5Projects\netty\codec-http2\src\test\java\io\netty\handler\codec\http2\Http2FrameRoundtripTest.java","Mockito"
"netty","D:\JUnit5Projects\netty\codec-http2\src\test\java\io\netty\handler\codec\http2\Http2FrameRoundtripTest.java","Mockito"
"netty","D:\JUnit5Projects\netty\codec-http2\src\test\java\io\netty\handler\codec\http2\Http2FrameRoundtripTest.java","Mockito"
"netty","D:\JUnit5Projects\netty\codec-http2\src\test\java\io\netty\handler\codec\http2\Http2MultiplexTest.java","Mockito"
"netty","D:\JUnit5Projects\netty\codec-http2\src\test\java\io\netty\handler\codec\http2\Http2MultiplexTest.java","Mockito"
"netty","D:\JUnit5Projects\netty\codec-http2\src\test\java\io\netty\handler\codec\http2\Http2MultiplexTest.java","Mockito"
"netty","D:\JUnit5Projects\netty\codec-http2\src\test\java\io\netty\handler\codec\http2\Http2MultiplexTest.java","Mockito"
"netty","D:\JUnit5Projects\netty\codec-http2\src\test\java\io\netty\handler\codec\http2\Http2MultiplexTest.java","Mockito"
"netty","D:\JUnit5Projects\netty\codec-http2\src\test\java\io\netty\handler\codec\http2\Http2MultiplexTest.java","Mockito"
"netty","D:\JUnit5Projects\netty\codec-http2\src\test\java\io\netty\handler\codec\http2\Http2MultiplexTest.java","Mockito"
"netty","D:\JUnit5Projects\netty\codec-http2\src\test\java\io\netty\handler\codec\http2\Http2MultiplexTest.java","Mockito"
"netty","D:\JUnit5Projects\netty\codec-http2\src\test\java\io\netty\handler\codec\http2\Http2MultiplexTest.java","Mockito"
"netty","D:\JUnit5Projects\netty\codec-http2\src\test\java\io\netty\handler\codec\http2\Http2MultiplexTest.java","Mockito"
"netty","D:\JUnit5Projects\netty\codec-http2\src\test\java\io\netty\handler\codec\http2\Http2MultiplexTest.java","Mockito"
"netty","D:\JUnit5Projects\netty\codec-http2\src\test\java\io\netty\handler\codec\http2\Http2MultiplexTest.java","Mockito"
"netty","D:\JUnit5Projects\netty\codec-http2\src\test\java\io\netty\handler\codec\http2\Http2MultiplexTest.java","Mockito"
"netty","D:\JUnit5Projects\netty\codec-http2\src\test\java\io\netty\handler\codec\http2\Http2ServerUpgradeCodecTest.java","Mockito"
"netty","D:\JUnit5Projects\netty\codec-http2\src\test\java\io\netty\handler\codec\http2\Http2StreamChannelBootstrapTest.java","Hamcrest"
"netty","D:\JUnit5Projects\netty\codec-http2\src\test\java\io\netty\handler\codec\http2\Http2StreamChannelBootstrapTest.java","Hamcrest"
"netty","D:\JUnit5Projects\netty\codec-http2\src\test\java\io\netty\handler\codec\http2\Http2StreamChannelBootstrapTest.java","Hamcrest"
"netty","D:\JUnit5Projects\netty\codec-http2\src\test\java\io\netty\handler\codec\http2\Http2StreamChannelBootstrapTest.java","Hamcrest"
"netty","D:\JUnit5Projects\netty\codec-http2\src\test\java\io\netty\handler\codec\http2\Http2StreamChannelBootstrapTest.java","Mockito"
"netty","D:\JUnit5Projects\netty\codec-http2\src\test\java\io\netty\handler\codec\http2\Http2StreamChannelBootstrapTest.java","Mockito"
"netty","D:\JUnit5Projects\netty\codec-http2\src\test\java\io\netty\handler\codec\http2\Http2StreamFrameToHttpObjectCodecTest.java","Hamcrest"
"netty","D:\JUnit5Projects\netty\codec-http2\src\test\java\io\netty\handler\codec\http2\Http2StreamFrameToHttpObjectCodecTest.java","Hamcrest"
"netty","D:\JUnit5Projects\netty\codec-http2\src\test\java\io\netty\handler\codec\http2\Http2StreamFrameToHttpObjectCodecTest.java","Hamcrest"
"netty","D:\JUnit5Projects\netty\codec-http2\src\test\java\io\netty\handler\codec\http2\HttpToHttp2ConnectionHandlerTest.java","Mockito"
"netty","D:\JUnit5Projects\netty\codec-http2\src\test\java\io\netty\handler\codec\http2\HttpToHttp2ConnectionHandlerTest.java","Mockito"
"netty","D:\JUnit5Projects\netty\codec-http2\src\test\java\io\netty\handler\codec\http2\HttpToHttp2ConnectionHandlerTest.java","Mockito"
"netty","D:\JUnit5Projects\netty\codec-http2\src\test\java\io\netty\handler\codec\http2\HttpToHttp2ConnectionHandlerTest.java","Mockito"
"netty","D:\JUnit5Projects\netty\codec-http2\src\test\java\io\netty\handler\codec\http2\HttpToHttp2ConnectionHandlerTest.java","Mockito"
"netty","D:\JUnit5Projects\netty\codec-http2\src\test\java\io\netty\handler\codec\http2\HttpToHttp2ConnectionHandlerTest.java","Mockito"
"netty","D:\JUnit5Projects\netty\codec-http2\src\test\java\io\netty\handler\codec\http2\HttpToHttp2ConnectionHandlerTest.java","Mockito"
"netty","D:\JUnit5Projects\netty\codec-http2\src\test\java\io\netty\handler\codec\http2\HttpToHttp2ConnectionHandlerTest.java","Mockito"
"netty","D:\JUnit5Projects\netty\codec-http2\src\test\java\io\netty\handler\codec\http2\HttpToHttp2ConnectionHandlerTest.java","Mockito"
"netty","D:\JUnit5Projects\netty\codec-http2\src\test\java\io\netty\handler\codec\http2\HttpToHttp2ConnectionHandlerTest.java","Mockito"
"netty","D:\JUnit5Projects\netty\codec-http2\src\test\java\io\netty\handler\codec\http2\HttpToHttp2ConnectionHandlerTest.java","Mockito"
"netty","D:\JUnit5Projects\netty\codec-http2\src\test\java\io\netty\handler\codec\http2\HttpToHttp2ConnectionHandlerTest.java","Mockito"
"netty","D:\JUnit5Projects\netty\codec-http2\src\test\java\io\netty\handler\codec\http2\InboundHttp2ToHttpAdapterTest.java","Mockito"
"netty","D:\JUnit5Projects\netty\codec-http2\src\test\java\io\netty\handler\codec\http2\InboundHttp2ToHttpAdapterTest.java","Mockito"
"netty","D:\JUnit5Projects\netty\codec-http2\src\test\java\io\netty\handler\codec\http2\InboundHttp2ToHttpAdapterTest.java","Mockito"
"netty","D:\JUnit5Projects\netty\codec-http2\src\test\java\io\netty\handler\codec\http2\InboundHttp2ToHttpAdapterTest.java","Mockito"
"netty","D:\JUnit5Projects\netty\codec-http2\src\test\java\io\netty\handler\codec\http2\InboundHttp2ToHttpAdapterTest.java","Mockito"
"netty","D:\JUnit5Projects\netty\codec-http2\src\test\java\io\netty\handler\codec\http2\StreamBufferingEncoderTest.java","Mockito"
"netty","D:\JUnit5Projects\netty\codec-http2\src\test\java\io\netty\handler\codec\http2\StreamBufferingEncoderTest.java","Mockito"
"netty","D:\JUnit5Projects\netty\codec-http2\src\test\java\io\netty\handler\codec\http2\StreamBufferingEncoderTest.java","Mockito"
"netty","D:\JUnit5Projects\netty\codec-http2\src\test\java\io\netty\handler\codec\http2\StreamBufferingEncoderTest.java","Mockito"
"netty","D:\JUnit5Projects\netty\codec-http2\src\test\java\io\netty\handler\codec\http2\StreamBufferingEncoderTest.java","Mockito"
"netty","D:\JUnit5Projects\netty\codec-http2\src\test\java\io\netty\handler\codec\http2\StreamBufferingEncoderTest.java","Mockito"
"netty","D:\JUnit5Projects\netty\codec-http2\src\test\java\io\netty\handler\codec\http2\StreamBufferingEncoderTest.java","Mockito"
"netty","D:\JUnit5Projects\netty\codec-http2\src\test\java\io\netty\handler\codec\http2\StreamBufferingEncoderTest.java","Mockito"
"netty","D:\JUnit5Projects\netty\codec-http2\src\test\java\io\netty\handler\codec\http2\StreamBufferingEncoderTest.java","Mockito"
"netty","D:\JUnit5Projects\netty\codec-http2\src\test\java\io\netty\handler\codec\http2\StreamBufferingEncoderTest.java","Mockito"
"netty","D:\JUnit5Projects\netty\codec-http2\src\test\java\io\netty\handler\codec\http2\StreamBufferingEncoderTest.java","Mockito"
"netty","D:\JUnit5Projects\netty\codec-http2\src\test\java\io\netty\handler\codec\http2\StreamBufferingEncoderTest.java","Mockito"
"netty","D:\JUnit5Projects\netty\codec-http2\src\test\java\io\netty\handler\codec\http2\StreamBufferingEncoderTest.java","Mockito"
"netty","D:\JUnit5Projects\netty\codec-http2\src\test\java\io\netty\handler\codec\http2\StreamBufferingEncoderTest.java","Mockito"
"netty","D:\JUnit5Projects\netty\codec-http2\src\test\java\io\netty\handler\codec\http2\StreamBufferingEncoderTest.java","Mockito"
"netty","D:\JUnit5Projects\netty\codec-http2\src\test\java\io\netty\handler\codec\http2\StreamBufferingEncoderTest.java","Mockito"
"netty","D:\JUnit5Projects\netty\codec-http2\src\test\java\io\netty\handler\codec\http2\StreamBufferingEncoderTest.java","Mockito"
"netty","D:\JUnit5Projects\netty\codec-http2\src\test\java\io\netty\handler\codec\http2\StreamBufferingEncoderTest.java","Mockito"
"netty","D:\JUnit5Projects\netty\codec-http2\src\test\java\io\netty\handler\codec\http2\UniformStreamByteDistributorTest.java","Mockito"
"netty","D:\JUnit5Projects\netty\codec-http2\src\test\java\io\netty\handler\codec\http2\UniformStreamByteDistributorTest.java","Mockito"
"netty","D:\JUnit5Projects\netty\codec-http2\src\test\java\io\netty\handler\codec\http2\UniformStreamByteDistributorTest.java","Mockito"
"netty","D:\JUnit5Projects\netty\codec-http2\src\test\java\io\netty\handler\codec\http2\UniformStreamByteDistributorTest.java","Mockito"
"netty","D:\JUnit5Projects\netty\codec-http2\src\test\java\io\netty\handler\codec\http2\UniformStreamByteDistributorTest.java","Mockito"
"netty","D:\JUnit5Projects\netty\codec-http2\src\test\java\io\netty\handler\codec\http2\UniformStreamByteDistributorTest.java","Mockito"
"netty","D:\JUnit5Projects\netty\codec-http2\src\test\java\io\netty\handler\codec\http2\UniformStreamByteDistributorTest.java","Mockito"
"netty","D:\JUnit5Projects\netty\codec-http2\src\test\java\io\netty\handler\codec\http2\UniformStreamByteDistributorTest.java","Mockito"
"netty","D:\JUnit5Projects\netty\codec-http2\src\test\java\io\netty\handler\codec\http2\UniformStreamByteDistributorTest.java","Mockito"
"netty","D:\JUnit5Projects\netty\codec-http2\src\test\java\io\netty\handler\codec\http2\UniformStreamByteDistributorTest.java","Mockito"
"netty","D:\JUnit5Projects\netty\codec-http2\src\test\java\io\netty\handler\codec\http2\UniformStreamByteDistributorTest.java","Mockito"
"netty","D:\JUnit5Projects\netty\codec-http2\src\test\java\io\netty\handler\codec\http2\UniformStreamByteDistributorTest.java","Mockito"
"netty","D:\JUnit5Projects\netty\codec-http2\src\test\java\io\netty\handler\codec\http2\UniformStreamByteDistributorTest.java","Mockito"
"netty","D:\JUnit5Projects\netty\codec-http2\src\test\java\io\netty\handler\codec\http2\UniformStreamByteDistributorTest.java","Mockito"
"netty","D:\JUnit5Projects\netty\codec-http2\src\test\java\io\netty\handler\codec\http2\UniformStreamByteDistributorTest.java","Mockito"
"netty","D:\JUnit5Projects\netty\codec-http2\src\test\java\io\netty\handler\codec\http2\UniformStreamByteDistributorTest.java","Mockito"
"netty","D:\JUnit5Projects\netty\codec-http2\src\test\java\io\netty\handler\codec\http2\UniformStreamByteDistributorTest.java","Mockito"
"netty","D:\JUnit5Projects\netty\codec-http2\src\test\java\io\netty\handler\codec\http2\WeightedFairQueueByteDistributorDependencyTreeTest.java","Mockito"
"netty","D:\JUnit5Projects\netty\codec-http2\src\test\java\io\netty\handler\codec\http2\WeightedFairQueueByteDistributorDependencyTreeTest.java","Mockito"
"netty","D:\JUnit5Projects\netty\codec-http2\src\test\java\io\netty\handler\codec\http2\WeightedFairQueueByteDistributorDependencyTreeTest.java","Mockito"
"netty","D:\JUnit5Projects\netty\codec-http2\src\test\java\io\netty\handler\codec\http2\WeightedFairQueueByteDistributorDependencyTreeTest.java","Mockito"
"netty","D:\JUnit5Projects\netty\codec-http2\src\test\java\io\netty\handler\codec\http2\WeightedFairQueueByteDistributorTest.java","Mockito"
"netty","D:\JUnit5Projects\netty\codec-http2\src\test\java\io\netty\handler\codec\http2\WeightedFairQueueByteDistributorTest.java","Mockito"
"netty","D:\JUnit5Projects\netty\codec-http2\src\test\java\io\netty\handler\codec\http2\WeightedFairQueueByteDistributorTest.java","Mockito"
"netty","D:\JUnit5Projects\netty\codec-http2\src\test\java\io\netty\handler\codec\http2\WeightedFairQueueByteDistributorTest.java","Mockito"
"netty","D:\JUnit5Projects\netty\codec-http2\src\test\java\io\netty\handler\codec\http2\WeightedFairQueueByteDistributorTest.java","Mockito"
"netty","D:\JUnit5Projects\netty\codec-http2\src\test\java\io\netty\handler\codec\http2\WeightedFairQueueByteDistributorTest.java","Mockito"
"netty","D:\JUnit5Projects\netty\codec-http2\src\test\java\io\netty\handler\codec\http2\WeightedFairQueueByteDistributorTest.java","Mockito"
"netty","D:\JUnit5Projects\netty\codec-http2\src\test\java\io\netty\handler\codec\http2\WeightedFairQueueByteDistributorTest.java","Mockito"
"netty","D:\JUnit5Projects\netty\codec-http2\src\test\java\io\netty\handler\codec\http2\WeightedFairQueueByteDistributorTest.java","Mockito"
"netty","D:\JUnit5Projects\netty\codec-http2\src\test\java\io\netty\handler\codec\http2\WeightedFairQueueByteDistributorTest.java","Mockito"
"netty","D:\JUnit5Projects\netty\codec-http2\src\test\java\io\netty\handler\codec\http2\WeightedFairQueueByteDistributorTest.java","Mockito"
"netty","D:\JUnit5Projects\netty\codec-http2\src\test\java\io\netty\handler\codec\http2\WeightedFairQueueByteDistributorTest.java","Mockito"
"netty","D:\JUnit5Projects\netty\codec-http2\src\test\java\io\netty\handler\codec\http2\WeightedFairQueueByteDistributorTest.java","Mockito"
"netty","D:\JUnit5Projects\netty\codec-http2\src\test\java\io\netty\handler\codec\http2\WeightedFairQueueByteDistributorTest.java","Mockito"
"netty","D:\JUnit5Projects\netty\codec-http2\src\test\java\io\netty\handler\codec\http2\WeightedFairQueueByteDistributorTest.java","Mockito"
"netty","D:\JUnit5Projects\netty\codec-memcache\src\test\java\io\netty\handler\codec\memcache\binary\BinaryMemcacheDecoderTest.java","Hamcrest"
"netty","D:\JUnit5Projects\netty\codec-memcache\src\test\java\io\netty\handler\codec\memcache\binary\BinaryMemcacheDecoderTest.java","Hamcrest"
"netty","D:\JUnit5Projects\netty\codec-memcache\src\test\java\io\netty\handler\codec\memcache\binary\BinaryMemcacheDecoderTest.java","Hamcrest"
"netty","D:\JUnit5Projects\netty\codec-memcache\src\test\java\io\netty\handler\codec\memcache\binary\BinaryMemcacheDecoderTest.java","Hamcrest"
"netty","D:\JUnit5Projects\netty\codec-memcache\src\test\java\io\netty\handler\codec\memcache\binary\BinaryMemcacheEncoderTest.java","Hamcrest"
"netty","D:\JUnit5Projects\netty\codec-memcache\src\test\java\io\netty\handler\codec\memcache\binary\BinaryMemcacheEncoderTest.java","Hamcrest"
"netty","D:\JUnit5Projects\netty\codec-memcache\src\test\java\io\netty\handler\codec\memcache\binary\BinaryMemcacheEncoderTest.java","Hamcrest"
"netty","D:\JUnit5Projects\netty\codec-memcache\src\test\java\io\netty\handler\codec\memcache\binary\BinaryMemcacheObjectAggregatorTest.java","Hamcrest"
"netty","D:\JUnit5Projects\netty\codec-memcache\src\test\java\io\netty\handler\codec\memcache\binary\BinaryMemcacheObjectAggregatorTest.java","Hamcrest"
"netty","D:\JUnit5Projects\netty\codec-memcache\src\test\java\io\netty\handler\codec\memcache\binary\BinaryMemcacheObjectAggregatorTest.java","Hamcrest"
"netty","D:\JUnit5Projects\netty\codec-memcache\src\test\java\io\netty\handler\codec\memcache\binary\BinaryMemcacheObjectAggregatorTest.java","Hamcrest"
"netty","D:\JUnit5Projects\netty\codec-mqtt\src\test\java\io\netty\handler\codec\mqtt\MqttCodecTest.java","Mockito"
"netty","D:\JUnit5Projects\netty\codec-mqtt\src\test\java\io\netty\handler\codec\mqtt\MqttCodecTest.java","Mockito"
"netty","D:\JUnit5Projects\netty\codec-mqtt\src\test\java\io\netty\handler\codec\mqtt\MqttCodecTest.java","Mockito"
"netty","D:\JUnit5Projects\netty\codec-redis\src\test\java\io\netty\handler\codec\redis\RedisDecoderTest.java","Hamcrest"
"netty","D:\JUnit5Projects\netty\codec-redis\src\test\java\io\netty\handler\codec\redis\RedisDecoderTest.java","Hamcrest"
"netty","D:\JUnit5Projects\netty\codec-redis\src\test\java\io\netty\handler\codec\redis\RedisEncoderTest.java","Hamcrest"
"netty","D:\JUnit5Projects\netty\codec-redis\src\test\java\io\netty\handler\codec\redis\RedisEncoderTest.java","Hamcrest"
"netty","D:\JUnit5Projects\netty\codec-xml\src\test\java\io\netty\handler\codec\xml\XmlDecoderTest.java","Hamcrest"
"netty","D:\JUnit5Projects\netty\codec-xml\src\test\java\io\netty\handler\codec\xml\XmlDecoderTest.java","Hamcrest"
"netty","D:\JUnit5Projects\netty\codec-xml\src\test\java\io\netty\handler\codec\xml\XmlDecoderTest.java","Hamcrest"
"netty","D:\JUnit5Projects\netty\common\src\test\java\io\netty\util\AsciiStringCharacterTest.java","Hamcrest"
"netty","D:\JUnit5Projects\netty\common\src\test\java\io\netty\util\AsciiStringCharacterTest.java","Hamcrest"
"netty","D:\JUnit5Projects\netty\common\src\test\java\io\netty\util\concurrent\DefaultPromiseTest.java","Mockito"
"netty","D:\JUnit5Projects\netty\common\src\test\java\io\netty\util\concurrent\DefaultPromiseTest.java","Hamcrest"
"netty","D:\JUnit5Projects\netty\common\src\test\java\io\netty\util\concurrent\DefaultPromiseTest.java","Hamcrest"
"netty","D:\JUnit5Projects\netty\common\src\test\java\io\netty\util\concurrent\DefaultPromiseTest.java","Hamcrest"
"netty","D:\JUnit5Projects\netty\common\src\test\java\io\netty\util\concurrent\FastThreadLocalTest.java","Hamcrest"
"netty","D:\JUnit5Projects\netty\common\src\test\java\io\netty\util\concurrent\FastThreadLocalTest.java","Hamcrest"
"netty","D:\JUnit5Projects\netty\common\src\test\java\io\netty\util\concurrent\FastThreadLocalTest.java","Hamcrest"
"netty","D:\JUnit5Projects\netty\common\src\test\java\io\netty\util\concurrent\GlobalEventExecutorTest.java","Hamcrest"
"netty","D:\JUnit5Projects\netty\common\src\test\java\io\netty\util\concurrent\GlobalEventExecutorTest.java","Hamcrest"
"netty","D:\JUnit5Projects\netty\common\src\test\java\io\netty\util\concurrent\GlobalEventExecutorTest.java","Hamcrest"
"netty","D:\JUnit5Projects\netty\common\src\test\java\io\netty\util\concurrent\GlobalEventExecutorTest.java","Hamcrest"
"netty","D:\JUnit5Projects\netty\common\src\test\java\io\netty\util\concurrent\GlobalEventExecutorTest.java","Hamcrest"
"netty","D:\JUnit5Projects\netty\common\src\test\java\io\netty\util\concurrent\PromiseAggregatorTest.java","Hamcrest"
"netty","D:\JUnit5Projects\netty\common\src\test\java\io\netty\util\concurrent\PromiseAggregatorTest.java","Hamcrest"
"netty","D:\JUnit5Projects\netty\common\src\test\java\io\netty\util\concurrent\PromiseAggregatorTest.java","Mockito"
"netty","D:\JUnit5Projects\netty\common\src\test\java\io\netty\util\concurrent\PromiseCombinerTest.java","Mockito"
"netty","D:\JUnit5Projects\netty\common\src\test\java\io\netty\util\concurrent\PromiseCombinerTest.java","Mockito"
"netty","D:\JUnit5Projects\netty\common\src\test\java\io\netty\util\concurrent\PromiseCombinerTest.java","Mockito"
"netty","D:\JUnit5Projects\netty\common\src\test\java\io\netty\util\concurrent\PromiseCombinerTest.java","Mockito"
"netty","D:\JUnit5Projects\netty\common\src\test\java\io\netty\util\concurrent\PromiseCombinerTest.java","Mockito"
"netty","D:\JUnit5Projects\netty\common\src\test\java\io\netty\util\concurrent\PromiseCombinerTest.java","Mockito"
"netty","D:\JUnit5Projects\netty\common\src\test\java\io\netty\util\concurrent\PromiseCombinerTest.java","Mockito"
"netty","D:\JUnit5Projects\netty\common\src\test\java\io\netty\util\concurrent\PromiseCombinerTest.java","Mockito"
"netty","D:\JUnit5Projects\netty\common\src\test\java\io\netty\util\concurrent\PromiseCombinerTest.java","Mockito"
"netty","D:\JUnit5Projects\netty\common\src\test\java\io\netty\util\concurrent\PromiseCombinerTest.java","Mockito"
"netty","D:\JUnit5Projects\netty\common\src\test\java\io\netty\util\concurrent\PromiseCombinerTest.java","Mockito"
"netty","D:\JUnit5Projects\netty\common\src\test\java\io\netty\util\concurrent\PromiseNotifierTest.java","Mockito"
"netty","D:\JUnit5Projects\netty\common\src\test\java\io\netty\util\concurrent\SingleThreadEventExecutorTest.java","Hamcrest"
"netty","D:\JUnit5Projects\netty\common\src\test\java\io\netty\util\concurrent\SingleThreadEventExecutorTest.java","Hamcrest"
"netty","D:\JUnit5Projects\netty\common\src\test\java\io\netty\util\ConstantPoolTest.java","Hamcrest"
"netty","D:\JUnit5Projects\netty\common\src\test\java\io\netty\util\ConstantPoolTest.java","Hamcrest"
"netty","D:\JUnit5Projects\netty\common\src\test\java\io\netty\util\internal\logging\CommonsLoggerTest.java","Mockito"
"netty","D:\JUnit5Projects\netty\common\src\test\java\io\netty\util\internal\logging\InternalLoggerFactoryTest.java","Mockito"
"netty","D:\JUnit5Projects\netty\common\src\test\java\io\netty\util\internal\logging\Slf4JLoggerFactoryTest.java","Mockito"
"netty","D:\JUnit5Projects\netty\common\src\test\java\io\netty\util\internal\logging\Slf4JLoggerFactoryTest.java","Mockito"
"netty","D:\JUnit5Projects\netty\common\src\test\java\io\netty\util\internal\logging\Slf4JLoggerFactoryTest.java","Mockito"
"netty","D:\JUnit5Projects\netty\common\src\test\java\io\netty\util\internal\logging\Slf4JLoggerTest.java","Mockito"
"netty","D:\JUnit5Projects\netty\common\src\test\java\io\netty\util\internal\StringUtilTest.java","Hamcrest"
"netty","D:\JUnit5Projects\netty\common\src\test\java\io\netty\util\internal\StringUtilTest.java","Hamcrest"
"netty","D:\JUnit5Projects\netty\common\src\test\java\io\netty\util\NettyRuntimeTests.java","Hamcrest"
"netty","D:\JUnit5Projects\netty\common\src\test\java\io\netty\util\NettyRuntimeTests.java","Hamcrest"
"netty","D:\JUnit5Projects\netty\common\src\test\java\io\netty\util\NettyRuntimeTests.java","Hamcrest"
"netty","D:\JUnit5Projects\netty\common\src\test\java\io\netty\util\NettyRuntimeTests.java","Hamcrest"
"netty","D:\JUnit5Projects\netty\common\src\test\java\io\netty\util\ThreadDeathWatcherTest.java","Hamcrest"
"netty","D:\JUnit5Projects\netty\common\src\test\java\io\netty\util\ThreadDeathWatcherTest.java","Hamcrest"
"netty","D:\JUnit5Projects\netty\handler\src\test\java\io\netty\handler\logging\LoggingHandlerTest.java","Mockito"
"netty","D:\JUnit5Projects\netty\handler\src\test\java\io\netty\handler\logging\LoggingHandlerTest.java","Hamcrest"
"netty","D:\JUnit5Projects\netty\handler\src\test\java\io\netty\handler\logging\LoggingHandlerTest.java","Hamcrest"
"netty","D:\JUnit5Projects\netty\handler\src\test\java\io\netty\handler\logging\LoggingHandlerTest.java","Hamcrest"
"netty","D:\JUnit5Projects\netty\handler\src\test\java\io\netty\handler\logging\LoggingHandlerTest.java","Hamcrest"
"netty","D:\JUnit5Projects\netty\handler\src\test\java\io\netty\handler\logging\LoggingHandlerTest.java","Mockito"
"netty","D:\JUnit5Projects\netty\handler\src\test\java\io\netty\handler\ssl\CipherSuiteConverterTest.java","Hamcrest"
"netty","D:\JUnit5Projects\netty\handler\src\test\java\io\netty\handler\ssl\CipherSuiteConverterTest.java","Hamcrest"
"netty","D:\JUnit5Projects\netty\handler\src\test\java\io\netty\handler\ssl\CipherSuiteConverterTest.java","Hamcrest"
"netty","D:\JUnit5Projects\netty\handler\src\test\java\io\netty\handler\ssl\OpenSslCachingKeyMaterialProviderTest.java","Hamcrest"
"netty","D:\JUnit5Projects\netty\handler\src\test\java\io\netty\handler\ssl\OpenSslCachingKeyMaterialProviderTest.java","Hamcrest"
"netty","D:\JUnit5Projects\netty\handler\src\test\java\io\netty\handler\ssl\OpenSslPrivateKeyMethodTest.java","Hamcrest"
"netty","D:\JUnit5Projects\netty\handler\src\test\java\io\netty\handler\ssl\OpenSslPrivateKeyMethodTest.java","Hamcrest"
"netty","D:\JUnit5Projects\netty\handler\src\test\java\io\netty\handler\ssl\OptionalSslHandlerTest.java","Mockito"
"netty","D:\JUnit5Projects\netty\handler\src\test\java\io\netty\handler\ssl\OptionalSslHandlerTest.java","Mockito"
"netty","D:\JUnit5Projects\netty\handler\src\test\java\io\netty\handler\ssl\OptionalSslHandlerTest.java","Mockito"
"netty","D:\JUnit5Projects\netty\handler\src\test\java\io\netty\handler\ssl\OptionalSslHandlerTest.java","Mockito"
"netty","D:\JUnit5Projects\netty\handler\src\test\java\io\netty\handler\ssl\SniHandlerTest.java","Hamcrest"
"netty","D:\JUnit5Projects\netty\handler\src\test\java\io\netty\handler\ssl\SniHandlerTest.java","Hamcrest"
"netty","D:\JUnit5Projects\netty\handler\src\test\java\io\netty\handler\ssl\SniHandlerTest.java","Hamcrest"
"netty","D:\JUnit5Projects\netty\handler\src\test\java\io\netty\handler\ssl\SniHandlerTest.java","Mockito"
"netty","D:\JUnit5Projects\netty\handler\src\test\java\io\netty\handler\ssl\SSLEngineTest.java","Mockito"
"netty","D:\JUnit5Projects\netty\handler\src\test\java\io\netty\handler\ssl\SSLEngineTest.java","Mockito"
"netty","D:\JUnit5Projects\netty\handler\src\test\java\io\netty\handler\ssl\SSLEngineTest.java","Mockito"
"netty","D:\JUnit5Projects\netty\handler\src\test\java\io\netty\handler\ssl\SSLEngineTest.java","Mockito"
"netty","D:\JUnit5Projects\netty\handler\src\test\java\io\netty\handler\ssl\SslHandlerTest.java","Hamcrest"
"netty","D:\JUnit5Projects\netty\handler\src\test\java\io\netty\handler\ssl\SslHandlerTest.java","Hamcrest"
"netty","D:\JUnit5Projects\netty\handler\src\test\java\io\netty\handler\ssl\SslHandlerTest.java","Hamcrest"
"netty","D:\JUnit5Projects\netty\handler\src\test\java\io\netty\handler\ssl\SslHandlerTest.java","Hamcrest"
"netty","D:\JUnit5Projects\netty\handler\src\test\java\io\netty\handler\timeout\IdleStateEventTest.java","Hamcrest"
"netty","D:\JUnit5Projects\netty\handler\src\test\java\io\netty\handler\timeout\IdleStateEventTest.java","Hamcrest"
"netty","D:\JUnit5Projects\netty\handler-proxy\src\test\java\io\netty\handler\proxy\HttpProxyHandlerTest.java","Mockito"
"netty","D:\JUnit5Projects\netty\handler-proxy\src\test\java\io\netty\handler\proxy\ProxyHandlerTest.java","Hamcrest"
"netty","D:\JUnit5Projects\netty\handler-proxy\src\test\java\io\netty\handler\proxy\ProxyHandlerTest.java","Hamcrest"
"netty","D:\JUnit5Projects\netty\resolver\src\test\java\io\netty\resolver\InetSocketAddressResolverTest.java","Mockito"
"netty","D:\JUnit5Projects\netty\resolver-dns\src\test\java\io\netty\resolver\dns\DnsAddressResolverGroupTest.java","Hamcrest"
"netty","D:\JUnit5Projects\netty\resolver-dns\src\test\java\io\netty\resolver\dns\DnsAddressResolverGroupTest.java","Hamcrest"
"netty","D:\JUnit5Projects\netty\resolver-dns\src\test\java\io\netty\resolver\dns\DnsNameResolverTest.java","Hamcrest"
"netty","D:\JUnit5Projects\netty\resolver-dns\src\test\java\io\netty\resolver\dns\DnsNameResolverTest.java","Hamcrest"
"netty","D:\JUnit5Projects\netty\resolver-dns\src\test\java\io\netty\resolver\dns\DnsNameResolverTest.java","Hamcrest"
"netty","D:\JUnit5Projects\netty\resolver-dns\src\test\java\io\netty\resolver\dns\DnsNameResolverTest.java","Hamcrest"
"netty","D:\JUnit5Projects\netty\resolver-dns\src\test\java\io\netty\resolver\dns\DnsNameResolverTest.java","Hamcrest"
"netty","D:\JUnit5Projects\netty\resolver-dns\src\test\java\io\netty\resolver\dns\DnsNameResolverTest.java","Hamcrest"
"netty","D:\JUnit5Projects\netty\resolver-dns\src\test\java\io\netty\resolver\dns\DnsServerAddressesTest.java","Hamcrest"
"netty","D:\JUnit5Projects\netty\resolver-dns\src\test\java\io\netty\resolver\dns\DnsServerAddressesTest.java","Hamcrest"
"netty","D:\JUnit5Projects\netty\resolver-dns\src\test\java\io\netty\resolver\dns\SearchDomainTest.java","Hamcrest"
"netty","D:\JUnit5Projects\netty\resolver-dns\src\test\java\io\netty\resolver\dns\SearchDomainTest.java","Hamcrest"
"netty","D:\JUnit5Projects\netty\resolver-dns\src\test\java\io\netty\resolver\dns\SearchDomainTest.java","Hamcrest"
"netty","D:\JUnit5Projects\netty\resolver-dns\src\test\java\io\netty\resolver\dns\SearchDomainTest.java","Hamcrest"
"netty","D:\JUnit5Projects\netty\resolver-dns-native-macos\src\test\java\io\netty\resolver\dns\macos\MacOSDnsServerAddressStreamProviderTest.java","Hamcrest"
"netty","D:\JUnit5Projects\netty\resolver-dns-native-macos\src\test\java\io\netty\resolver\dns\macos\MacOSDnsServerAddressStreamProviderTest.java","Hamcrest"
"netty","D:\JUnit5Projects\netty\testsuite\src\main\java\io\netty\testsuite\transport\socket\SocketConnectionAttemptTest.java","Hamcrest"
"netty","D:\JUnit5Projects\netty\testsuite\src\main\java\io\netty\testsuite\transport\socket\SocketConnectionAttemptTest.java","Hamcrest"
"netty","D:\JUnit5Projects\netty\testsuite\src\main\java\io\netty\testsuite\transport\socket\SocketFileRegionTest.java","Hamcrest"
"netty","D:\JUnit5Projects\netty\testsuite\src\main\java\io\netty\testsuite\transport\socket\SocketFileRegionTest.java","Hamcrest"
"netty","D:\JUnit5Projects\netty\testsuite\src\main\java\io\netty\testsuite\transport\socket\SocketFileRegionTest.java","Hamcrest"
"netty","D:\JUnit5Projects\netty\testsuite\src\main\java\io\netty\testsuite\transport\socket\SocketSslEchoTest.java","Hamcrest"
"netty","D:\JUnit5Projects\netty\testsuite\src\main\java\io\netty\testsuite\transport\socket\SocketSslEchoTest.java","Hamcrest"
"netty","D:\JUnit5Projects\netty\testsuite\src\main\java\io\netty\testsuite\transport\socket\SocketSslEchoTest.java","Hamcrest"
"netty","D:\JUnit5Projects\netty\testsuite\src\main\java\io\netty\testsuite\transport\socket\SocketSslEchoTest.java","Hamcrest"
"netty","D:\JUnit5Projects\netty\testsuite\src\main\java\io\netty\testsuite\transport\socket\SocketSslEchoTest.java","Hamcrest"
"netty","D:\JUnit5Projects\netty\transport\src\test\java\io\netty\bootstrap\BootstrapTest.java","Hamcrest"
"netty","D:\JUnit5Projects\netty\transport\src\test\java\io\netty\bootstrap\BootstrapTest.java","Hamcrest"
"netty","D:\JUnit5Projects\netty\transport\src\test\java\io\netty\channel\AbstractChannelTest.java","Mockito"
"netty","D:\JUnit5Projects\netty\transport\src\test\java\io\netty\channel\AbstractChannelTest.java","Mockito"
"netty","D:\JUnit5Projects\netty\transport\src\test\java\io\netty\channel\AbstractChannelTest.java","Mockito"
"netty","D:\JUnit5Projects\netty\transport\src\test\java\io\netty\channel\AdaptiveRecvByteBufAllocatorTest.java","Mockito"
"netty","D:\JUnit5Projects\netty\transport\src\test\java\io\netty\channel\AdaptiveRecvByteBufAllocatorTest.java","Mockito"
"netty","D:\JUnit5Projects\netty\transport\src\test\java\io\netty\channel\AdaptiveRecvByteBufAllocatorTest.java","Mockito"
"netty","D:\JUnit5Projects\netty\transport\src\test\java\io\netty\channel\ChannelOutboundBufferTest.java","Hamcrest"
"netty","D:\JUnit5Projects\netty\transport\src\test\java\io\netty\channel\ChannelOutboundBufferTest.java","Hamcrest"
"netty","D:\JUnit5Projects\netty\transport\src\test\java\io\netty\channel\CompleteChannelFutureTest.java","Mockito"
"netty","D:\JUnit5Projects\netty\transport\src\test\java\io\netty\channel\DefaultChannelIdTest.java","Hamcrest"
"netty","D:\JUnit5Projects\netty\transport\src\test\java\io\netty\channel\DefaultChannelIdTest.java","Hamcrest"
"netty","D:\JUnit5Projects\netty\transport\src\test\java\io\netty\channel\DefaultChannelIdTest.java","Hamcrest"
"netty","D:\JUnit5Projects\netty\transport\src\test\java\io\netty\channel\DefaultChannelIdTest.java","Hamcrest"
"netty","D:\JUnit5Projects\netty\transport\src\test\java\io\netty\channel\DelegatingChannelPromiseNotifierTest.java","Mockito"
"netty","D:\JUnit5Projects\netty\transport\src\test\java\io\netty\channel\FailedChannelFutureTest.java","Mockito"
"netty","D:\JUnit5Projects\netty\transport\src\test\java\io\netty\channel\local\LocalChannelTest.java","Hamcrest"
"netty","D:\JUnit5Projects\netty\transport\src\test\java\io\netty\channel\local\LocalChannelTest.java","Hamcrest"
"netty","D:\JUnit5Projects\netty\transport\src\test\java\io\netty\channel\local\LocalChannelTest.java","Hamcrest"
"netty","D:\JUnit5Projects\netty\transport\src\test\java\io\netty\channel\nio\NioEventLoopTest.java","Hamcrest"
"netty","D:\JUnit5Projects\netty\transport\src\test\java\io\netty\channel\nio\NioEventLoopTest.java","Hamcrest"
"netty","D:\JUnit5Projects\netty\transport\src\test\java\io\netty\channel\nio\SelectedSelectionKeySetTest.java","Mockito"
"netty","D:\JUnit5Projects\netty\transport\src\test\java\io\netty\channel\nio\SelectedSelectionKeySetTest.java","Mockito"
"netty","D:\JUnit5Projects\netty\transport\src\test\java\io\netty\channel\oio\OioEventLoopTest.java","Hamcrest"
"netty","D:\JUnit5Projects\netty\transport\src\test\java\io\netty\channel\oio\OioEventLoopTest.java","Hamcrest"
"netty","D:\JUnit5Projects\netty\transport\src\test\java\io\netty\channel\PendingWriteQueueTest.java","Hamcrest"
"netty","D:\JUnit5Projects\netty\transport\src\test\java\io\netty\channel\PendingWriteQueueTest.java","Hamcrest"
"netty","D:\JUnit5Projects\netty\transport\src\test\java\io\netty\channel\pool\SimpleChannelPoolTest.java","Hamcrest"
"netty","D:\JUnit5Projects\netty\transport\src\test\java\io\netty\channel\pool\SimpleChannelPoolTest.java","Hamcrest"
"netty","D:\JUnit5Projects\netty\transport\src\test\java\io\netty\channel\ReentrantChannelTest.java","Hamcrest"
"netty","D:\JUnit5Projects\netty\transport\src\test\java\io\netty\channel\ReentrantChannelTest.java","Hamcrest"
"netty","D:\JUnit5Projects\netty\transport\src\test\java\io\netty\channel\SingleThreadEventLoopTest.java","Hamcrest"
"netty","D:\JUnit5Projects\netty\transport\src\test\java\io\netty\channel\SingleThreadEventLoopTest.java","Hamcrest"
"netty","D:\JUnit5Projects\netty\transport\src\test\java\io\netty\channel\SingleThreadEventLoopTest.java","Hamcrest"
"netty","D:\JUnit5Projects\netty\transport\src\test\java\io\netty\channel\socket\InternetProtocolFamilyTest.java","Hamcrest"
"netty","D:\JUnit5Projects\netty\transport\src\test\java\io\netty\channel\socket\InternetProtocolFamilyTest.java","Hamcrest"
"netty","D:\JUnit5Projects\netty\transport\src\test\java\io\netty\channel\socket\nio\NioSocketChannelTest.java","Hamcrest"
"netty","D:\JUnit5Projects\netty\transport\src\test\java\io\netty\channel\socket\nio\NioSocketChannelTest.java","Hamcrest"
"netty","D:\JUnit5Projects\netty\transport\src\test\java\io\netty\channel\SucceededChannelFutureTest.java","Mockito"
"netty","D:\JUnit5Projects\netty\transport-blockhound-tests\src\test\java\io\netty\util\internal\NettyBlockHoundIntegrationTest.java","Hamcrest"
"netty","D:\JUnit5Projects\netty\transport-blockhound-tests\src\test\java\io\netty\util\internal\NettyBlockHoundIntegrationTest.java","Hamcrest"
"netty","D:\JUnit5Projects\netty\transport-native-kqueue\src\test\java\io\netty\channel\kqueue\KQueueServerSocketChannelConfigTest.java","Hamcrest"
