App,TestClass,TestFilePath,ProductionFilePath,RelativeTestFilePath,RelativeProductionFilePath,Assertion Roulette,Conditional Test Logic,Constructor Initialization,Default Test,EmptyTest,Exception Catching Throwing,General Fixture,Mystery Guest,Print Statement,Redundant Assertion,Sensitive Equality,Verbose Test,Sleepy Test,Eager Test,Lazy Test,Duplicate Assert,Unknown Test,IgnoredTest,Resource Optimism,Magic Number Test,Dependent Test
1.15.0 testcontainers-java,AbstractJarFileTest.java,C:\JUNit5Projects\1.15.0 testcontainers-java\core\src\jarFileTest\java\org\testcontainers\AbstractJarFileTest.java,,core\src\jarFileTest\java\org\testcontainers\AbstractJarFileTest.java,,false,false,false,false,false,false,false,false,false,false,false,false,false,,,false,false,false,false,false,false
1.15.0 testcontainers-java,JarFileShadingTest.java,C:\JUNit5Projects\1.15.0 testcontainers-java\core\src\jarFileTest\java\org\testcontainers\JarFileShadingTest.java,,core\src\jarFileTest\java\org\testcontainers\JarFileShadingTest.java,,true,false,false,false,false,true,false,false,false,false,false,false,false,,,false,false,false,false,false,false
1.15.0 testcontainers-java,PublicBinaryAPITest.java,C:\JUNit5Projects\1.15.0 testcontainers-java\core\src\jarFileTest\java\org\testcontainers\PublicBinaryAPITest.java,,core\src\jarFileTest\java\org\testcontainers\PublicBinaryAPITest.java,,true,false,false,false,false,false,false,false,false,false,false,false,false,,,false,false,false,false,false,false
1.15.0 testcontainers-java,TestDescription.java,C:\JUNit5Projects\1.15.0 testcontainers-java\core\src\main\java\org\testcontainers\lifecycle\TestDescription.java,,core\src\main\java\org\testcontainers\lifecycle\TestDescription.java,,false,false,false,false,false,false,false,false,false,false,false,false,false,,,false,false,false,false,false,false
1.15.0 testcontainers-java,TestLifecycleAware.java,C:\JUNit5Projects\1.15.0 testcontainers-java\core\src\main\java\org\testcontainers\lifecycle\TestLifecycleAware.java,,core\src\main\java\org\testcontainers\lifecycle\TestLifecycleAware.java,,false,false,false,false,false,false,false,false,false,false,false,false,false,,,false,false,false,false,false,false
1.15.0 testcontainers-java,Testcontainers.java,C:\JUNit5Projects\1.15.0 testcontainers-java\core\src\main\java\org\testcontainers\Testcontainers.java,,core\src\main\java\org\testcontainers\Testcontainers.java,,false,false,false,false,false,false,false,false,false,false,false,false,false,,,false,false,false,false,false,false
1.15.0 testcontainers-java,TestcontainersConfiguration.java,C:\JUNit5Projects\1.15.0 testcontainers-java\core\src\main\java\org\testcontainers\utility\TestcontainersConfiguration.java,,core\src\main\java\org\testcontainers\utility\TestcontainersConfiguration.java,,false,false,true,false,false,false,false,false,false,false,false,false,false,,,false,false,false,false,false,false
1.15.0 testcontainers-java,TestEnvironment.java,C:\JUNit5Projects\1.15.0 testcontainers-java\core\src\main\java\org\testcontainers\utility\TestEnvironment.java,,core\src\main\java\org\testcontainers\utility\TestEnvironment.java,,false,false,true,false,false,false,false,false,false,false,false,false,false,,,false,false,false,false,false,false
1.15.0 testcontainers-java,OutOfPackageImagePullPolicyTest.java,C:\JUNit5Projects\1.15.0 testcontainers-java\core\src\test\java\alt\testcontainers\images\OutOfPackageImagePullPolicyTest.java,,core\src\test\java\alt\testcontainers\images\OutOfPackageImagePullPolicyTest.java,,false,false,false,false,false,false,false,false,false,false,false,false,false,,,false,true,false,false,false,false
1.15.0 testcontainers-java,DockerComposeContainerWithServicesTest.java,C:\JUNit5Projects\1.15.0 testcontainers-java\core\src\test\java\org\testcontainers\containers\DockerComposeContainerWithServicesTest.java,,core\src\test\java\org\testcontainers\containers\DockerComposeContainerWithServicesTest.java,,false,false,false,false,false,false,false,false,false,false,false,false,false,,,false,true,false,false,false,false
1.15.0 testcontainers-java,DockerComposeOverridesTest.java,C:\JUNit5Projects\1.15.0 testcontainers-java\core\src\test\java\org\testcontainers\containers\DockerComposeOverridesTest.java,,core\src\test\java\org\testcontainers\containers\DockerComposeOverridesTest.java,,false,true,true,false,false,false,false,false,false,false,false,false,false,,,false,true,false,false,false,false
1.15.0 testcontainers-java,ExposedHostTest.java,C:\JUNit5Projects\1.15.0 testcontainers-java\core\src\test\java\org\testcontainers\containers\ExposedHostTest.java,,core\src\test\java\org\testcontainers\containers\ExposedHostTest.java,,false,false,false,false,false,true,false,false,false,false,false,false,false,,,false,false,false,false,false,false
1.15.0 testcontainers-java,FailureDetectingExternalResourceTest.java,C:\JUNit5Projects\1.15.0 testcontainers-java\core\src\test\java\org\testcontainers\containers\FailureDetectingExternalResourceTest.java,C:\JUNit5Projects\1.15.0 testcontainers-java\core\src\main\java\org\testcontainers\containers\FailureDetectingExternalResource.java,core\src\test\java\org\testcontainers\containers\FailureDetectingExternalResourceTest.java,core\src\main\java\org\testcontainers\containers\FailureDetectingExternalResource.java,false,false,false,false,false,true,false,false,false,false,false,false,false,true,false,false,true,false,false,false,false
1.15.0 testcontainers-java,GenericContainerTest.java,C:\JUNit5Projects\1.15.0 testcontainers-java\core\src\test\java\org\testcontainers\containers\GenericContainerTest.java,C:\JUNit5Projects\1.15.0 testcontainers-java\core\src\main\java\org\testcontainers\containers\GenericContainer.java,core\src\test\java\org\testcontainers\containers\GenericContainerTest.java,core\src\main\java\org\testcontainers\containers\GenericContainer.java,false,false,false,false,false,false,false,false,false,false,false,false,false,true,true,false,false,false,false,false,false
1.15.0 testcontainers-java,NetworkTest.java,C:\JUNit5Projects\1.15.0 testcontainers-java\core\src\test\java\org\testcontainers\containers\NetworkTest.java,C:\JUNit5Projects\1.15.0 testcontainers-java\core\src\main\java\org\testcontainers\containers\Network.java,core\src\test\java\org\testcontainers\containers\NetworkTest.java,core\src\main\java\org\testcontainers\containers\Network.java,false,false,false,false,false,true,false,false,false,false,false,false,false,true,true,false,false,false,false,false,false
1.15.0 testcontainers-java,ContainerLogsTest.java,C:\JUNit5Projects\1.15.0 testcontainers-java\core\src\test\java\org\testcontainers\containers\output\ContainerLogsTest.java,,core\src\test\java\org\testcontainers\containers\output\ContainerLogsTest.java,,false,false,false,false,false,true,false,false,false,false,false,false,true,,,false,false,true,false,false,false
1.15.0 testcontainers-java,FrameConsumerResultCallbackTest.java,C:\JUNit5Projects\1.15.0 testcontainers-java\core\src\test\java\org\testcontainers\containers\output\FrameConsumerResultCallbackTest.java,C:\JUNit5Projects\1.15.0 testcontainers-java\core\src\main\java\org\testcontainers\containers\output\FrameConsumerResultCallback.java,core\src\test\java\org\testcontainers\containers\output\FrameConsumerResultCallbackTest.java,core\src\main\java\org\testcontainers\containers\output\FrameConsumerResultCallback.java,false,false,false,false,false,true,false,false,false,false,true,false,false,true,true,false,false,false,false,false,false
1.15.0 testcontainers-java,ParsedDockerComposeFileValidationTest.java,C:\JUNit5Projects\1.15.0 testcontainers-java\core\src\test\java\org\testcontainers\containers\ParsedDockerComposeFileValidationTest.java,,core\src\test\java\org\testcontainers\containers\ParsedDockerComposeFileValidationTest.java,,false,false,false,false,false,false,false,true,false,false,false,false,false,,,false,true,false,true,false,false
1.15.0 testcontainers-java,ReusabilityUnitTests.java,C:\JUNit5Projects\1.15.0 testcontainers-java\core\src\test\java\org\testcontainers\containers\ReusabilityUnitTests.java,,core\src\test\java\org\testcontainers\containers\ReusabilityUnitTests.java,,true,true,false,false,false,true,false,false,false,false,false,false,false,,,false,true,false,true,false,false
1.15.0 testcontainers-java,ExternalPortListeningCheckTest.java,C:\JUNit5Projects\1.15.0 testcontainers-java\core\src\test\java\org\testcontainers\containers\wait\internal\ExternalPortListeningCheckTest.java,C:\JUNit5Projects\1.15.0 testcontainers-java\core\src\main\java\org\testcontainers\containers\wait\internal\ExternalPortListeningCheck.java,core\src\test\java\org\testcontainers\containers\wait\internal\ExternalPortListeningCheckTest.java,core\src\main\java\org\testcontainers\containers\wait\internal\ExternalPortListeningCheck.java,false,false,false,false,false,false,true,false,false,false,false,false,false,false,true,false,false,false,false,false,false
1.15.0 testcontainers-java,InternalCommandPortListeningCheckTest.java,C:\JUNit5Projects\1.15.0 testcontainers-java\core\src\test\java\org\testcontainers\containers\wait\internal\InternalCommandPortListeningCheckTest.java,C:\JUNit5Projects\1.15.0 testcontainers-java\core\src\main\java\org\testcontainers\containers\wait\internal\InternalCommandPortListeningCheck.java,core\src\test\java\org\testcontainers\containers\wait\internal\InternalCommandPortListeningCheckTest.java,core\src\main\java\org\testcontainers\containers\wait\internal\InternalCommandPortListeningCheck.java,false,false,true,false,false,true,false,false,false,false,false,false,false,false,true,false,false,false,false,false,false
1.15.0 testcontainers-java,DockerHealthcheckWaitStrategyTest.java,C:\JUNit5Projects\1.15.0 testcontainers-java\core\src\test\java\org\testcontainers\containers\wait\strategy\DockerHealthcheckWaitStrategyTest.java,C:\JUNit5Projects\1.15.0 testcontainers-java\core\src\main\java\org\testcontainers\containers\wait\strategy\DockerHealthcheckWaitStrategy.java,core\src\test\java\org\testcontainers\containers\wait\strategy\DockerHealthcheckWaitStrategyTest.java,core\src\main\java\org\testcontainers\containers\wait\strategy\DockerHealthcheckWaitStrategy.java,false,false,false,false,false,false,false,false,false,false,false,false,false,false,false,false,true,false,false,false,false
1.15.0 testcontainers-java,WaitAllStrategyTest.java,C:\JUNit5Projects\1.15.0 testcontainers-java\core\src\test\java\org\testcontainers\containers\wait\strategy\WaitAllStrategyTest.java,C:\JUNit5Projects\1.15.0 testcontainers-java\core\src\main\java\org\testcontainers\containers\wait\strategy\WaitAllStrategy.java,core\src\test\java\org\testcontainers\containers\wait\strategy\WaitAllStrategyTest.java,core\src\main\java\org\testcontainers\containers\wait\strategy\WaitAllStrategy.java,false,false,false,false,false,false,false,false,false,false,false,false,false,true,true,false,true,false,false,false,false
1.15.0 testcontainers-java,DaemonTest.java,C:\JUNit5Projects\1.15.0 testcontainers-java\core\src\test\java\org\testcontainers\DaemonTest.java,,core\src\test\java\org\testcontainers\DaemonTest.java,,false,false,false,false,false,true,false,false,false,false,false,false,false,,,false,false,false,true,true,false
1.15.0 testcontainers-java,AmbiguousImagePullTest.java,C:\JUNit5Projects\1.15.0 testcontainers-java\core\src\test\java\org\testcontainers\dockerclient\AmbiguousImagePullTest.java,,core\src\test\java\org\testcontainers\dockerclient\AmbiguousImagePullTest.java,,false,true,false,false,false,false,false,false,false,false,false,false,false,,,false,false,false,false,false,false
1.15.0 testcontainers-java,DockerClientConfigUtilsTest.java,C:\JUNit5Projects\1.15.0 testcontainers-java\core\src\test\java\org\testcontainers\dockerclient\DockerClientConfigUtilsTest.java,C:\JUNit5Projects\1.15.0 testcontainers-java\core\src\main\java\org\testcontainers\dockerclient\DockerClientConfigUtils.java,core\src\test\java\org\testcontainers\dockerclient\DockerClientConfigUtilsTest.java,core\src\main\java\org\testcontainers\dockerclient\DockerClientConfigUtils.java,false,false,false,false,false,false,false,false,false,false,false,false,false,false,false,false,false,false,false,false,false
1.15.0 testcontainers-java,EventStreamTest.java,C:\JUNit5Projects\1.15.0 testcontainers-java\core\src\test\java\org\testcontainers\dockerclient\EventStreamTest.java,,core\src\test\java\org\testcontainers\dockerclient\EventStreamTest.java,,false,false,false,false,false,true,false,false,false,false,false,false,false,,,false,true,false,false,false,false
1.15.0 testcontainers-java,ImagePullTest.java,C:\JUNit5Projects\1.15.0 testcontainers-java\core\src\test\java\org\testcontainers\dockerclient\ImagePullTest.java,,core\src\test\java\org\testcontainers\dockerclient\ImagePullTest.java,,false,false,true,false,false,false,false,false,false,false,false,false,false,,,false,true,false,false,false,false
1.15.0 testcontainers-java,DockerClientFactoryTest.java,C:\JUNit5Projects\1.15.0 testcontainers-java\core\src\test\java\org\testcontainers\DockerClientFactoryTest.java,C:\JUNit5Projects\1.15.0 testcontainers-java\core\src\main\java\org\testcontainers\DockerClientFactory.java,core\src\test\java\org\testcontainers\DockerClientFactoryTest.java,core\src\main\java\org\testcontainers\DockerClientFactory.java,true,false,false,false,false,true,false,false,false,false,false,false,false,true,true,true,true,false,false,true,false
1.15.0 testcontainers-java,AgeBasedPullPolicyTest.java,C:\JUNit5Projects\1.15.0 testcontainers-java\core\src\test\java\org\testcontainers\images\AgeBasedPullPolicyTest.java,C:\JUNit5Projects\1.15.0 testcontainers-java\core\src\main\java\org\testcontainers\images\AgeBasedPullPolicy.java,core\src\test\java\org\testcontainers\images\AgeBasedPullPolicyTest.java,core\src\main\java\org\testcontainers\images\AgeBasedPullPolicy.java,true,false,false,false,false,false,false,false,false,false,false,false,false,true,false,false,false,false,false,false,false
1.15.0 testcontainers-java,AbstractStatementTest.java,C:\JUNit5Projects\1.15.0 testcontainers-java\core\src\test\java\org\testcontainers\images\builder\dockerfile\statement\AbstractStatementTest.java,,core\src\test\java\org\testcontainers\images\builder\dockerfile\statement\AbstractStatementTest.java,,false,false,false,false,false,false,false,false,false,false,false,false,false,,,false,false,false,false,false,false
1.15.0 testcontainers-java,KeyValuesStatementTest.java,C:\JUNit5Projects\1.15.0 testcontainers-java\core\src\test\java\org\testcontainers\images\builder\dockerfile\statement\KeyValuesStatementTest.java,C:\JUNit5Projects\1.15.0 testcontainers-java\core\src\main\java\org\testcontainers\images\builder\dockerfile\statement\KeyValuesStatement.java,core\src\test\java\org\testcontainers\images\builder\dockerfile\statement\KeyValuesStatementTest.java,core\src\main\java\org\testcontainers\images\builder\dockerfile\statement\KeyValuesStatement.java,false,false,false,false,false,true,false,false,false,false,false,false,false,false,false,false,false,false,false,false,false
1.15.0 testcontainers-java,MultiArgsStatementTest.java,C:\JUNit5Projects\1.15.0 testcontainers-java\core\src\test\java\org\testcontainers\images\builder\dockerfile\statement\MultiArgsStatementTest.java,C:\JUNit5Projects\1.15.0 testcontainers-java\core\src\main\java\org\testcontainers\images\builder\dockerfile\statement\MultiArgsStatement.java,core\src\test\java\org\testcontainers\images\builder\dockerfile\statement\MultiArgsStatementTest.java,core\src\main\java\org\testcontainers\images\builder\dockerfile\statement\MultiArgsStatement.java,false,false,false,false,false,true,false,false,false,false,false,false,false,false,false,false,false,false,false,false,false
1.15.0 testcontainers-java,RawStatementTest.java,C:\JUNit5Projects\1.15.0 testcontainers-java\core\src\test\java\org\testcontainers\images\builder\dockerfile\statement\RawStatementTest.java,C:\JUNit5Projects\1.15.0 testcontainers-java\core\src\main\java\org\testcontainers\images\builder\dockerfile\statement\RawStatement.java,core\src\test\java\org\testcontainers\images\builder\dockerfile\statement\RawStatementTest.java,core\src\main\java\org\testcontainers\images\builder\dockerfile\statement\RawStatement.java,false,false,false,false,false,true,false,false,false,false,false,false,false,false,false,false,false,false,false,false,false
1.15.0 testcontainers-java,SingleArgumentStatementTest.java,C:\JUNit5Projects\1.15.0 testcontainers-java\core\src\test\java\org\testcontainers\images\builder\dockerfile\statement\SingleArgumentStatementTest.java,C:\JUNit5Projects\1.15.0 testcontainers-java\core\src\main\java\org\testcontainers\images\builder\dockerfile\statement\SingleArgumentStatement.java,core\src\test\java\org\testcontainers\images\builder\dockerfile\statement\SingleArgumentStatementTest.java,core\src\main\java\org\testcontainers\images\builder\dockerfile\statement\SingleArgumentStatement.java,false,false,false,false,false,true,false,false,false,false,false,false,false,false,false,false,false,false,false,false,false
1.15.0 testcontainers-java,DockerfileBuildTest.java,C:\JUNit5Projects\1.15.0 testcontainers-java\core\src\test\java\org\testcontainers\images\builder\DockerfileBuildTest.java,,core\src\test\java\org\testcontainers\images\builder\DockerfileBuildTest.java,,false,false,true,false,false,false,false,false,false,false,false,false,false,,,false,false,false,false,false,false
1.15.0 testcontainers-java,DockerignoreTest.java,C:\JUNit5Projects\1.15.0 testcontainers-java\core\src\test\java\org\testcontainers\images\builder\DockerignoreTest.java,,core\src\test\java\org\testcontainers\images\builder\DockerignoreTest.java,,false,true,false,false,false,true,false,false,false,false,false,false,false,,,true,false,false,false,false,false
1.15.0 testcontainers-java,ImageFromDockerfileTest.java,C:\JUNit5Projects\1.15.0 testcontainers-java\core\src\test\java\org\testcontainers\images\builder\ImageFromDockerfileTest.java,C:\JUNit5Projects\1.15.0 testcontainers-java\core\src\main\java\org\testcontainers\images\builder\ImageFromDockerfile.java,core\src\test\java\org\testcontainers\images\builder\ImageFromDockerfileTest.java,core\src\main\java\org\testcontainers\images\builder\ImageFromDockerfile.java,false,false,false,false,false,false,false,false,false,false,false,false,false,false,false,false,false,false,false,false,false
1.15.0 testcontainers-java,ImagePullPolicyTest.java,C:\JUNit5Projects\1.15.0 testcontainers-java\core\src\test\java\org\testcontainers\images\ImagePullPolicyTest.java,,core\src\test\java\org\testcontainers\images\ImagePullPolicyTest.java,,false,false,false,false,false,false,false,false,false,false,false,false,false,,,false,true,false,false,false,false
1.15.0 testcontainers-java,ParsedDockerfileTest.java,C:\JUNit5Projects\1.15.0 testcontainers-java\core\src\test\java\org\testcontainers\images\ParsedDockerfileTest.java,C:\JUNit5Projects\1.15.0 testcontainers-java\core\src\main\java\org\testcontainers\images\ParsedDockerfile.java,core\src\test\java\org\testcontainers\images\ParsedDockerfileTest.java,core\src\main\java\org\testcontainers\images\ParsedDockerfile.java,false,false,false,false,false,false,false,false,false,false,false,false,false,false,true,false,false,false,false,false,false
1.15.0 testcontainers-java,RemoteDockerImageTest.java,C:\JUNit5Projects\1.15.0 testcontainers-java\core\src\test\java\org\testcontainers\images\RemoteDockerImageTest.java,C:\JUNit5Projects\1.15.0 testcontainers-java\core\src\main\java\org\testcontainers\images\RemoteDockerImage.java,core\src\test\java\org\testcontainers\images\RemoteDockerImageTest.java,core\src\main\java\org\testcontainers\images\RemoteDockerImage.java,true,false,false,false,false,true,false,false,false,false,true,false,false,false,true,true,false,false,false,false,false
1.15.0 testcontainers-java,BaseDockerComposeTest.java,C:\JUNit5Projects\1.15.0 testcontainers-java\core\src\test\java\org\testcontainers\junit\BaseDockerComposeTest.java,,core\src\test\java\org\testcontainers\junit\BaseDockerComposeTest.java,,false,false,false,false,false,false,false,false,false,false,false,false,false,,,false,false,false,false,false,false
1.15.0 testcontainers-java,CopyFileToContainerTest.java,C:\JUNit5Projects\1.15.0 testcontainers-java\core\src\test\java\org\testcontainers\junit\CopyFileToContainerTest.java,,core\src\test\java\org\testcontainers\junit\CopyFileToContainerTest.java,,false,false,false,false,false,true,false,false,false,false,false,false,false,,,false,false,false,false,false,false
1.15.0 testcontainers-java,DependenciesTest.java,C:\JUNit5Projects\1.15.0 testcontainers-java\core\src\test\java\org\testcontainers\junit\DependenciesTest.java,,core\src\test\java\org\testcontainers\junit\DependenciesTest.java,,false,true,false,false,false,true,false,false,false,false,false,false,false,,,false,true,false,false,true,false
1.15.0 testcontainers-java,DockerComposeContainerScalingTest.java,C:\JUNit5Projects\1.15.0 testcontainers-java\core\src\test\java\org\testcontainers\junit\DockerComposeContainerScalingTest.java,,core\src\test\java\org\testcontainers\junit\DockerComposeContainerScalingTest.java,,false,true,false,false,false,false,false,false,false,false,false,false,false,,,false,false,false,false,false,false
1.15.0 testcontainers-java,DockerComposeContainerTest.java,C:\JUNit5Projects\1.15.0 testcontainers-java\core\src\test\java\org\testcontainers\junit\DockerComposeContainerTest.java,C:\JUNit5Projects\1.15.0 testcontainers-java\core\src\main\java\org\testcontainers\containers\DockerComposeContainer.java,core\src\test\java\org\testcontainers\junit\DockerComposeContainerTest.java,core\src\main\java\org\testcontainers\containers\DockerComposeContainer.java,false,false,false,false,false,false,false,false,false,false,false,false,false,true,true,true,false,false,false,true,false
1.15.0 testcontainers-java,DockerComposeContainerWithBuildTest.java,C:\JUNit5Projects\1.15.0 testcontainers-java\core\src\test\java\org\testcontainers\junit\DockerComposeContainerWithBuildTest.java,,core\src\test\java\org\testcontainers\junit\DockerComposeContainerWithBuildTest.java,,false,false,true,false,false,false,false,true,false,false,false,false,false,,,false,false,false,true,false,false
1.15.0 testcontainers-java,DockerComposeContainerWithOptionsTest.java,C:\JUNit5Projects\1.15.0 testcontainers-java\core\src\test\java\org\testcontainers\junit\DockerComposeContainerWithOptionsTest.java,,core\src\test\java\org\testcontainers\junit\DockerComposeContainerWithOptionsTest.java,,true,false,true,false,false,true,false,false,false,false,false,false,false,,,true,false,false,false,false,false
1.15.0 testcontainers-java,DockerComposeErrorHandlingTest.java,C:\JUNit5Projects\1.15.0 testcontainers-java\core\src\test\java\org\testcontainers\junit\DockerComposeErrorHandlingTest.java,,core\src\test\java\org\testcontainers\junit\DockerComposeErrorHandlingTest.java,,false,false,false,false,false,false,false,false,false,false,false,false,false,,,false,false,false,true,false,false
1.15.0 testcontainers-java,DockerComposeLocalImageTest.java,C:\JUNit5Projects\1.15.0 testcontainers-java\core\src\test\java\org\testcontainers\junit\DockerComposeLocalImageTest.java,,core\src\test\java\org\testcontainers\junit\DockerComposeLocalImageTest.java,,false,false,false,false,false,true,false,false,false,false,false,false,false,,,false,true,false,true,false,false
1.15.0 testcontainers-java,DockerComposeLogConsumerTest.java,C:\JUNit5Projects\1.15.0 testcontainers-java\core\src\test\java\org\testcontainers\junit\DockerComposeLogConsumerTest.java,,core\src\test\java\org\testcontainers\junit\DockerComposeLogConsumerTest.java,,false,false,false,false,false,true,false,false,false,false,false,false,false,,,false,true,false,true,false,false
1.15.0 testcontainers-java,DockerComposePassthroughTest.java,C:\JUNit5Projects\1.15.0 testcontainers-java\core\src\test\java\org\testcontainers\junit\DockerComposePassthroughTest.java,,core\src\test\java\org\testcontainers\junit\DockerComposePassthroughTest.java,,false,false,false,false,false,false,false,false,false,false,false,false,false,,,false,false,false,false,true,false
1.15.0 testcontainers-java,DockerComposeServiceTest.java,C:\JUNit5Projects\1.15.0 testcontainers-java\core\src\test\java\org\testcontainers\junit\DockerComposeServiceTest.java,,core\src\test\java\org\testcontainers\junit\DockerComposeServiceTest.java,,false,false,false,false,false,false,false,false,false,false,false,false,false,,,false,false,false,false,false,false
1.15.0 testcontainers-java,DockerComposeV2FormatTest.java,C:\JUNit5Projects\1.15.0 testcontainers-java\core\src\test\java\org\testcontainers\junit\DockerComposeV2FormatTest.java,,core\src\test\java\org\testcontainers\junit\DockerComposeV2FormatTest.java,,false,false,false,false,false,false,false,false,false,false,false,false,false,,,false,false,false,false,false,false
1.15.0 testcontainers-java,DockerComposeV2WithNetworkTest.java,C:\JUNit5Projects\1.15.0 testcontainers-java\core\src\test\java\org\testcontainers\junit\DockerComposeV2WithNetworkTest.java,,core\src\test\java\org\testcontainers\junit\DockerComposeV2WithNetworkTest.java,,false,false,false,false,false,false,false,false,false,false,false,false,false,,,false,false,false,false,false,false
1.15.0 testcontainers-java,DockerComposeWaitStrategyTest.java,C:\JUNit5Projects\1.15.0 testcontainers-java\core\src\test\java\org\testcontainers\junit\DockerComposeWaitStrategyTest.java,,core\src\test\java\org\testcontainers\junit\DockerComposeWaitStrategyTest.java,,false,false,false,false,false,true,false,false,false,false,false,false,false,,,false,false,false,true,false,false
1.15.0 testcontainers-java,DockerfileContainerTest.java,C:\JUNit5Projects\1.15.0 testcontainers-java\core\src\test\java\org\testcontainers\junit\DockerfileContainerTest.java,,core\src\test\java\org\testcontainers\junit\DockerfileContainerTest.java,,false,false,false,false,false,true,false,true,false,false,false,false,false,,,false,false,false,false,true,false
1.15.0 testcontainers-java,DockerfileTest.java,C:\JUNit5Projects\1.15.0 testcontainers-java\core\src\test\java\org\testcontainers\junit\DockerfileTest.java,,core\src\test\java\org\testcontainers\junit\DockerfileTest.java,,false,false,false,false,false,true,false,false,false,false,false,false,false,,,false,true,false,false,false,false
1.15.0 testcontainers-java,DockerNetworkModeTest.java,C:\JUNit5Projects\1.15.0 testcontainers-java\core\src\test\java\org\testcontainers\junit\DockerNetworkModeTest.java,,core\src\test\java\org\testcontainers\junit\DockerNetworkModeTest.java,,false,false,false,false,false,false,false,false,false,false,false,false,false,,,false,false,false,false,true,false
1.15.0 testcontainers-java,FileOperationsTest.java,C:\JUNit5Projects\1.15.0 testcontainers-java\core\src\test\java\org\testcontainers\junit\FileOperationsTest.java,,core\src\test\java\org\testcontainers\junit\FileOperationsTest.java,,false,false,false,false,false,true,false,true,false,false,false,false,false,,,false,false,false,true,false,false
1.15.0 testcontainers-java,FixedHostPortContainerTest.java,C:\JUNit5Projects\1.15.0 testcontainers-java\core\src\test\java\org\testcontainers\junit\FixedHostPortContainerTest.java,,core\src\test\java\org\testcontainers\junit\FixedHostPortContainerTest.java,,false,false,false,false,false,true,false,false,false,false,false,false,false,,,false,false,false,false,false,false
1.15.0 testcontainers-java,GenericContainerRuleTest.java,C:\JUNit5Projects\1.15.0 testcontainers-java\core\src\test\java\org\testcontainers\junit\GenericContainerRuleTest.java,,core\src\test\java\org\testcontainers\junit\GenericContainerRuleTest.java,,false,true,false,false,false,true,false,false,false,false,true,false,false,,,true,false,true,false,true,false
1.15.0 testcontainers-java,NonExistentImagePullTest.java,C:\JUNit5Projects\1.15.0 testcontainers-java\core\src\test\java\org\testcontainers\junit\NonExistentImagePullTest.java,,core\src\test\java\org\testcontainers\junit\NonExistentImagePullTest.java,,false,false,false,false,false,false,false,false,false,false,false,false,false,,,false,false,false,false,false,false
1.15.0 testcontainers-java,OutputStreamTest.java,C:\JUNit5Projects\1.15.0 testcontainers-java\core\src\test\java\org\testcontainers\junit\OutputStreamTest.java,,core\src\test\java\org\testcontainers\junit\OutputStreamTest.java,,false,false,false,false,false,true,false,false,false,false,false,false,false,,,false,false,false,false,false,false
1.15.0 testcontainers-java,OutputStreamWithTTYTest.java,C:\JUNit5Projects\1.15.0 testcontainers-java\core\src\test\java\org\testcontainers\junit\OutputStreamWithTTYTest.java,,core\src\test\java\org\testcontainers\junit\OutputStreamWithTTYTest.java,,false,false,false,false,false,true,false,false,false,false,false,false,false,,,false,true,false,false,false,false
1.15.0 testcontainers-java,ParameterizedDockerfileContainerTest.java,C:\JUNit5Projects\1.15.0 testcontainers-java\core\src\test\java\org\testcontainers\junit\ParameterizedDockerfileContainerTest.java,,core\src\test\java\org\testcontainers\junit\ParameterizedDockerfileContainerTest.java,,false,false,true,false,false,true,false,false,false,false,false,false,false,,,false,false,false,false,false,false
1.15.0 testcontainers-java,AbstractWaitStrategyTest.java,C:\JUNit5Projects\1.15.0 testcontainers-java\core\src\test\java\org\testcontainers\junit\wait\strategy\AbstractWaitStrategyTest.java,C:\JUNit5Projects\1.15.0 testcontainers-java\core\src\main\java\org\testcontainers\containers\wait\strategy\AbstractWaitStrategy.java,core\src\test\java\org\testcontainers\junit\wait\strategy\AbstractWaitStrategyTest.java,core\src\main\java\org\testcontainers\containers\wait\strategy\AbstractWaitStrategy.java,false,false,false,false,false,false,false,false,false,false,false,false,false,false,false,false,false,false,false,false,false
1.15.0 testcontainers-java,HostPortWaitStrategyTest.java,C:\JUNit5Projects\1.15.0 testcontainers-java\core\src\test\java\org\testcontainers\junit\wait\strategy\HostPortWaitStrategyTest.java,C:\JUNit5Projects\1.15.0 testcontainers-java\core\src\main\java\org\testcontainers\containers\wait\strategy\HostPortWaitStrategy.java,core\src\test\java\org\testcontainers\junit\wait\strategy\HostPortWaitStrategyTest.java,core\src\main\java\org\testcontainers\containers\wait\strategy\HostPortWaitStrategy.java,false,false,false,false,false,false,false,false,false,false,false,false,false,false,false,false,true,false,false,false,false
1.15.0 testcontainers-java,HttpWaitStrategyTest.java,C:\JUNit5Projects\1.15.0 testcontainers-java\core\src\test\java\org\testcontainers\junit\wait\strategy\HttpWaitStrategyTest.java,C:\JUNit5Projects\1.15.0 testcontainers-java\core\src\main\java\org\testcontainers\containers\wait\strategy\HttpWaitStrategy.java,core\src\test\java\org\testcontainers\junit\wait\strategy\HttpWaitStrategyTest.java,core\src\main\java\org\testcontainers\containers\wait\strategy\HttpWaitStrategy.java,false,false,false,false,false,false,false,false,false,false,false,false,false,true,true,false,true,false,false,false,false
1.15.0 testcontainers-java,LogMessageWaitStrategyTest.java,C:\JUNit5Projects\1.15.0 testcontainers-java\core\src\test\java\org\testcontainers\junit\wait\strategy\LogMessageWaitStrategyTest.java,C:\JUNit5Projects\1.15.0 testcontainers-java\core\src\main\java\org\testcontainers\containers\wait\strategy\LogMessageWaitStrategy.java,core\src\test\java\org\testcontainers\junit\wait\strategy\LogMessageWaitStrategyTest.java,core\src\main\java\org\testcontainers\containers\wait\strategy\LogMessageWaitStrategy.java,false,false,true,false,false,false,false,false,false,false,false,false,false,false,false,false,true,false,false,false,false
1.15.0 testcontainers-java,WorkingDirectoryTest.java,C:\JUNit5Projects\1.15.0 testcontainers-java\core\src\test\java\org\testcontainers\junit\WorkingDirectoryTest.java,,core\src\test\java\org\testcontainers\junit\WorkingDirectoryTest.java,,false,false,false,false,false,false,false,false,false,false,false,false,false,,,true,false,false,false,false,false
1.15.0 testcontainers-java,TestImages.java,C:\JUNit5Projects\1.15.0 testcontainers-java\core\src\test\java\org\testcontainers\TestImages.java,,core\src\test\java\org\testcontainers\TestImages.java,,false,false,false,false,false,false,false,false,false,false,false,false,false,,,false,false,false,false,false,false
1.15.0 testcontainers-java,AuthenticatedImagePullTest.java,C:\JUNit5Projects\1.15.0 testcontainers-java\core\src\test\java\org\testcontainers\utility\AuthenticatedImagePullTest.java,,core\src\test\java\org\testcontainers\utility\AuthenticatedImagePullTest.java,,false,false,false,false,false,true,false,false,false,false,false,false,false,,,false,false,false,false,false,false
1.15.0 testcontainers-java,ClasspathScannerTest.java,C:\JUNit5Projects\1.15.0 testcontainers-java\core\src\test\java\org\testcontainers\utility\ClasspathScannerTest.java,C:\JUNit5Projects\1.15.0 testcontainers-java\core\src\main\java\org\testcontainers\utility\ClasspathScanner.java,core\src\test\java\org\testcontainers\utility\ClasspathScannerTest.java,core\src\main\java\org\testcontainers\utility\ClasspathScanner.java,false,false,false,false,false,true,true,false,false,false,false,false,false,true,true,false,false,false,false,true,false
1.15.0 testcontainers-java,ComparableVersionTest.java,C:\JUNit5Projects\1.15.0 testcontainers-java\core\src\test\java\org\testcontainers\utility\ComparableVersionTest.java,C:\JUNit5Projects\1.15.0 testcontainers-java\core\src\main\java\org\testcontainers\utility\ComparableVersion.java,core\src\test\java\org\testcontainers\utility\ComparableVersionTest.java,core\src\main\java\org\testcontainers\utility\ComparableVersion.java,false,false,true,false,false,false,false,false,false,false,false,false,false,false,false,false,false,false,false,false,false
1.15.0 testcontainers-java,DefaultImageNameSubstitutorTest.java,C:\JUNit5Projects\1.15.0 testcontainers-java\core\src\test\java\org\testcontainers\utility\DefaultImageNameSubstitutorTest.java,C:\JUNit5Projects\1.15.0 testcontainers-java\core\src\main\java\org\testcontainers\utility\DefaultImageNameSubstitutor.java,core\src\test\java\org\testcontainers\utility\DefaultImageNameSubstitutorTest.java,core\src\main\java\org\testcontainers\utility\DefaultImageNameSubstitutor.java,false,false,false,false,false,false,false,false,false,false,false,false,false,false,false,false,false,false,false,false,false
1.15.0 testcontainers-java,DirectoryTarResourceTest.java,C:\JUNit5Projects\1.15.0 testcontainers-java\core\src\test\java\org\testcontainers\utility\DirectoryTarResourceTest.java,,core\src\test\java\org\testcontainers\utility\DirectoryTarResourceTest.java,,false,false,false,false,false,false,false,true,false,false,false,false,false,,,false,false,false,true,true,false
1.15.0 testcontainers-java,DockerImageNameCompatibilityTest.java,C:\JUNit5Projects\1.15.0 testcontainers-java\core\src\test\java\org\testcontainers\utility\DockerImageNameCompatibilityTest.java,,core\src\test\java\org\testcontainers\utility\DockerImageNameCompatibilityTest.java,,false,false,false,false,false,false,false,false,false,false,false,false,false,,,false,false,false,false,false,false
1.15.0 testcontainers-java,DockerImageNameTest.java,C:\JUNit5Projects\1.15.0 testcontainers-java\core\src\test\java\org\testcontainers\utility\DockerImageNameTest.java,C:\JUNit5Projects\1.15.0 testcontainers-java\core\src\main\java\org\testcontainers\utility\DockerImageName.java,core\src\test\java\org\testcontainers\utility\DockerImageNameTest.java,core\src\main\java\org\testcontainers\utility\DockerImageName.java,false,true,false,false,false,false,false,false,false,false,false,false,false,true,true,true,false,false,false,false,false
1.15.0 testcontainers-java,DockerStatusTest.java,C:\JUNit5Projects\1.15.0 testcontainers-java\core\src\test\java\org\testcontainers\utility\DockerStatusTest.java,C:\JUNit5Projects\1.15.0 testcontainers-java\core\src\main\java\org\testcontainers\utility\DockerStatus.java,core\src\test\java\org\testcontainers\utility\DockerStatusTest.java,core\src\main\java\org\testcontainers\utility\DockerStatus.java,true,false,false,false,false,true,false,false,false,false,false,false,false,true,false,false,false,false,false,false,false
1.15.0 testcontainers-java,FilterRegistryTest.java,C:\JUNit5Projects\1.15.0 testcontainers-java\core\src\test\java\org\testcontainers\utility\FilterRegistryTest.java,,core\src\test\java\org\testcontainers\utility\FilterRegistryTest.java,,false,false,false,false,false,true,false,false,false,false,false,false,false,,,false,false,false,false,false,false
1.15.0 testcontainers-java,ImageNameSubstitutorTest.java,C:\JUNit5Projects\1.15.0 testcontainers-java\core\src\test\java\org\testcontainers\utility\ImageNameSubstitutorTest.java,C:\JUNit5Projects\1.15.0 testcontainers-java\core\src\main\java\org\testcontainers\utility\ImageNameSubstitutor.java,core\src\test\java\org\testcontainers\utility\ImageNameSubstitutorTest.java,core\src\main\java\org\testcontainers\utility\ImageNameSubstitutor.java,false,false,false,false,false,false,true,false,false,false,false,false,false,true,true,false,false,false,false,false,false
1.15.0 testcontainers-java,LazyFutureTest.java,C:\JUNit5Projects\1.15.0 testcontainers-java\core\src\test\java\org\testcontainers\utility\LazyFutureTest.java,C:\JUNit5Projects\1.15.0 testcontainers-java\core\src\main\java\org\testcontainers\utility\LazyFuture.java,core\src\test\java\org\testcontainers\utility\LazyFutureTest.java,core\src\main\java\org\testcontainers\utility\LazyFuture.java,false,true,false,false,false,true,false,false,false,false,false,false,false,true,true,false,false,false,false,true,false
1.15.0 testcontainers-java,LicenseAcceptanceTest.java,C:\JUNit5Projects\1.15.0 testcontainers-java\core\src\test\java\org\testcontainers\utility\LicenseAcceptanceTest.java,C:\JUNit5Projects\1.15.0 testcontainers-java\core\src\main\java\org\testcontainers\utility\LicenseAcceptance.java,core\src\test\java\org\testcontainers\utility\LicenseAcceptanceTest.java,core\src\main\java\org\testcontainers\utility\LicenseAcceptance.java,false,false,false,false,false,false,false,false,false,false,false,false,false,true,true,false,false,false,false,false,false
1.15.0 testcontainers-java,MountableFileTest.java,C:\JUNit5Projects\1.15.0 testcontainers-java\core\src\test\java\org\testcontainers\utility\MountableFileTest.java,C:\JUNit5Projects\1.15.0 testcontainers-java\core\src\main\java\org\testcontainers\utility\MountableFile.java,core\src\test\java\org\testcontainers\utility\MountableFileTest.java,core\src\main\java\org\testcontainers\utility\MountableFile.java,false,true,false,false,false,true,false,false,false,false,false,false,false,true,true,false,true,false,false,false,false
1.15.0 testcontainers-java,RegistryAuthLocatorTest.java,C:\JUNit5Projects\1.15.0 testcontainers-java\core\src\test\java\org\testcontainers\utility\RegistryAuthLocatorTest.java,C:\JUNit5Projects\1.15.0 testcontainers-java\core\src\main\java\org\testcontainers\utility\RegistryAuthLocator.java,core\src\test\java\org\testcontainers\utility\RegistryAuthLocatorTest.java,core\src\main\java\org\testcontainers\utility\RegistryAuthLocator.java,false,false,false,false,false,true,false,false,false,false,false,false,false,false,true,false,false,false,false,true,false
1.15.0 testcontainers-java,TestcontainersConfigurationTest.java,C:\JUNit5Projects\1.15.0 testcontainers-java\core\src\test\java\org\testcontainers\utility\TestcontainersConfigurationTest.java,C:\JUNit5Projects\1.15.0 testcontainers-java\core\src\main\java\org\testcontainers\utility\TestcontainersConfiguration.java,core\src\test\java\org\testcontainers\utility\TestcontainersConfigurationTest.java,core\src\main\java\org\testcontainers\utility\TestcontainersConfiguration.java,false,false,false,false,false,false,true,false,false,false,false,false,false,true,true,true,false,false,false,false,false
1.15.0 testcontainers-java,TestEnvironmentTest.java,C:\JUNit5Projects\1.15.0 testcontainers-java\core\src\test\java\org\testcontainers\utility\TestEnvironmentTest.java,C:\JUNit5Projects\1.15.0 testcontainers-java\core\src\main\java\org\testcontainers\utility\TestEnvironment.java,core\src\test\java\org\testcontainers\utility\TestEnvironmentTest.java,core\src\main\java\org\testcontainers\utility\TestEnvironment.java,false,false,false,false,false,false,false,false,false,false,false,false,false,false,false,false,false,false,false,false,false
1.15.0 testcontainers-java,CmdModifierTest.java,C:\JUNit5Projects\1.15.0 testcontainers-java\docs\examples\junit4\generic\src\test\java\generic\CmdModifierTest.java,,docs\examples\junit4\generic\src\test\java\generic\CmdModifierTest.java,,false,false,false,false,false,true,false,false,false,false,false,false,false,,,false,false,false,false,false,false
1.15.0 testcontainers-java,CommandsTest.java,C:\JUNit5Projects\1.15.0 testcontainers-java\docs\examples\junit4\generic\src\test\java\generic\CommandsTest.java,,docs\examples\junit4\generic\src\test\java\generic\CommandsTest.java,,false,false,false,false,false,false,false,false,false,false,false,false,false,,,false,false,false,false,false,false
1.15.0 testcontainers-java,ContainerCreationTest.java,C:\JUNit5Projects\1.15.0 testcontainers-java\docs\examples\junit4\generic\src\test\java\generic\ContainerCreationTest.java,,docs\examples\junit4\generic\src\test\java\generic\ContainerCreationTest.java,,true,false,false,false,false,false,false,false,false,false,false,false,false,,,false,false,false,false,false,false
1.15.0 testcontainers-java,ContainerLabelTest.java,C:\JUNit5Projects\1.15.0 testcontainers-java\docs\examples\junit4\generic\src\test\java\generic\ContainerLabelTest.java,,docs\examples\junit4\generic\src\test\java\generic\ContainerLabelTest.java,,false,false,false,false,false,false,false,false,false,false,false,false,false,,,false,false,false,false,false,false
1.15.0 testcontainers-java,ExecTest.java,C:\JUNit5Projects\1.15.0 testcontainers-java\docs\examples\junit4\generic\src\test\java\generic\ExecTest.java,,docs\examples\junit4\generic\src\test\java\generic\ExecTest.java,,true,false,false,false,false,true,false,false,false,false,false,false,false,,,false,false,false,false,false,false
1.15.0 testcontainers-java,HostPortExposedTest.java,C:\JUNit5Projects\1.15.0 testcontainers-java\docs\examples\junit4\generic\src\test\java\generic\HostPortExposedTest.java,,docs\examples\junit4\generic\src\test\java\generic\HostPortExposedTest.java,,false,false,false,false,false,false,true,false,false,false,false,false,false,,,false,false,false,false,false,false
1.15.0 testcontainers-java,ImageNameSubstitutionTest.java,C:\JUNit5Projects\1.15.0 testcontainers-java\docs\examples\junit4\generic\src\test\java\generic\ImageNameSubstitutionTest.java,,docs\examples\junit4\generic\src\test\java\generic\ImageNameSubstitutionTest.java,,false,false,false,false,false,false,false,false,false,false,false,false,false,,,false,true,false,false,false,false
1.15.0 testcontainers-java,MultiplePortsExposedTest.java,C:\JUNit5Projects\1.15.0 testcontainers-java\docs\examples\junit4\generic\src\test\java\generic\MultiplePortsExposedTest.java,,docs\examples\junit4\generic\src\test\java\generic\MultiplePortsExposedTest.java,,false,false,false,false,false,false,false,false,false,false,false,false,false,,,false,true,false,false,false,false
1.15.0 testcontainers-java,TestSpecificImageNameSubstitutor.java,C:\JUNit5Projects\1.15.0 testcontainers-java\docs\examples\junit4\generic\src\test\java\generic\support\TestSpecificImageNameSubstitutor.java,,docs\examples\junit4\generic\src\test\java\generic\support\TestSpecificImageNameSubstitutor.java,,false,false,false,false,false,false,false,false,false,false,false,false,false,,,false,false,false,false,false,false
1.15.0 testcontainers-java,WaitStrategiesTest.java,C:\JUNit5Projects\1.15.0 testcontainers-java\docs\examples\junit4\generic\src\test\java\generic\WaitStrategiesTest.java,,docs\examples\junit4\generic\src\test\java\generic\WaitStrategiesTest.java,,true,false,false,false,false,false,false,false,false,false,false,false,false,,,false,false,false,false,false,false
1.15.0 testcontainers-java,StartupCheckStrategyTest.java,C:\JUNit5Projects\1.15.0 testcontainers-java\docs\examples\junit4\generic\src\test\java\org\testcontainers\containers\startupcheck\StartupCheckStrategyTest.java,,docs\examples\junit4\generic\src\test\java\org\testcontainers\containers\startupcheck\StartupCheckStrategyTest.java,,false,false,false,false,false,false,false,false,false,false,false,false,false,,,false,false,false,false,false,false
1.15.0 testcontainers-java,RedisBackedCacheIntTest.java,C:\JUNit5Projects\1.15.0 testcontainers-java\docs\examples\junit4\redis\src\test\java\quickstart\RedisBackedCacheIntTest.java,,docs\examples\junit4\redis\src\test\java\quickstart\RedisBackedCacheIntTest.java,,false,false,false,false,false,false,false,false,false,false,false,false,false,,,false,false,false,false,false,false
1.15.0 testcontainers-java,RedisBackedCacheIntTest.java,C:\JUNit5Projects\1.15.0 testcontainers-java\docs\examples\junit5\redis\src\test\java\quickstart\RedisBackedCacheIntTest.java,,docs\examples\junit5\redis\src\test\java\quickstart\RedisBackedCacheIntTest.java,,false,false,false,false,false,false,false,false,false,false,false,false,false,,,false,false,false,false,false,false
1.15.0 testcontainers-java,CucumberTest.java,C:\JUNit5Projects\1.15.0 testcontainers-java\examples\cucumber\src\test\java\org\testcontainsers\examples\CucumberTest.java,,examples\cucumber\src\test\java\org\testcontainsers\examples\CucumberTest.java,,false,false,false,false,false,false,false,false,false,false,false,false,false,,,false,false,false,false,false,false
1.15.0 testcontainers-java,DisqueBackedMailSenderTest.java,C:\JUNit5Projects\1.15.0 testcontainers-java\examples\disque-job-queue\src\test\java\DisqueBackedMailSenderTest.java,,examples\disque-job-queue\src\test\java\DisqueBackedMailSenderTest.java,,false,false,false,false,false,true,true,false,false,false,false,false,false,,,true,true,false,false,true,false
1.15.0 testcontainers-java,SingleDisqueInstanceTest.java,C:\JUNit5Projects\1.15.0 testcontainers-java\examples\disque-job-queue\src\test\java\SingleDisqueInstanceTest.java,,examples\disque-job-queue\src\test\java\SingleDisqueInstanceTest.java,,false,false,false,false,false,true,true,false,false,false,false,false,false,,,true,false,false,false,false,false
1.15.0 testcontainers-java,RedmineClientTest.java,C:\JUNit5Projects\1.15.0 testcontainers-java\examples\linked-container\src\test\java\com\example\linkedcontainer\RedmineClientTest.java,C:\JUNit5Projects\1.15.0 testcontainers-java\examples\linked-container\src\main\java\com\example\linkedcontainer\RedmineClient.java,examples\linked-container\src\test\java\com\example\linkedcontainer\RedmineClientTest.java,examples\linked-container\src\main\java\com\example\linkedcontainer\RedmineClient.java,false,false,false,false,false,true,false,false,false,false,false,false,false,false,false,false,false,false,false,true,false
1.15.0 testcontainers-java,MongoDbContainerTest.java,C:\JUNit5Projects\1.15.0 testcontainers-java\examples\mongodb-container\src\test\java\org\testcontainers\containers\MongoDbContainerTest.java,C:\JUNit5Projects\1.15.0 testcontainers-java\examples\mongodb-container\src\test\java\org\testcontainers\containers\MongoDbContainer.java,examples\mongodb-container\src\test\java\org\testcontainers\containers\MongoDbContainerTest.java,examples\mongodb-container\src\test\java\org\testcontainers\containers\MongoDbContainer.java,false,false,false,false,false,false,false,false,false,false,false,false,false,false,false,false,false,false,false,false,false
1.15.0 testcontainers-java,RedisBackedCacheTest.java,C:\JUNit5Projects\1.15.0 testcontainers-java\examples\redis-backed-cache\src\test\java\RedisBackedCacheTest.java,C:\JUNit5Projects\1.15.0 testcontainers-java\examples\redis-backed-cache\src\main\java\com\mycompany\cache\RedisBackedCache.java,examples\redis-backed-cache\src\test\java\RedisBackedCacheTest.java,examples\redis-backed-cache\src\main\java\com\mycompany\cache\RedisBackedCache.java,false,false,false,false,false,false,false,false,false,false,false,false,false,true,true,false,false,false,false,false,false
1.15.0 testcontainers-java,RedisBackedCacheTest.java,C:\JUNit5Projects\1.15.0 testcontainers-java\examples\redis-backed-cache-testng\src\test\java\RedisBackedCacheTest.java,C:\JUNit5Projects\1.15.0 testcontainers-java\examples\redis-backed-cache-testng\src\main\java\com\mycompany\cache\RedisBackedCache.java,examples\redis-backed-cache-testng\src\test\java\RedisBackedCacheTest.java,examples\redis-backed-cache-testng\src\main\java\com\mycompany\cache\RedisBackedCache.java,false,false,false,false,false,false,false,false,false,false,false,false,false,true,true,false,false,false,false,false,false
1.15.0 testcontainers-java,SeleniumContainerTest.java,C:\JUNit5Projects\1.15.0 testcontainers-java\examples\selenium-container\src\test\java\SeleniumContainerTest.java,,examples\selenium-container\src\test\java\SeleniumContainerTest.java,,false,false,false,false,false,false,false,false,false,false,false,false,false,,,false,false,false,false,false,false
1.15.0 testcontainers-java,AbstractIntegrationTest.java,C:\JUNit5Projects\1.15.0 testcontainers-java\examples\singleton-container\src\test\java\com\example\AbstractIntegrationTest.java,,examples\singleton-container\src\test\java\com\example\AbstractIntegrationTest.java,,false,false,false,false,false,false,false,false,false,false,false,false,false,,,false,false,false,false,false,false
1.15.0 testcontainers-java,SolrQueryTest.java,C:\JUNit5Projects\1.15.0 testcontainers-java\examples\solr-container\src\test\java\com\example\SolrQueryTest.java,,examples\solr-container\src\test\java\com\example\SolrQueryTest.java,,false,false,false,false,false,false,false,false,false,false,false,false,false,,,false,false,false,false,false,false
1.15.0 testcontainers-java,AbstractIntegrationTest.java,C:\JUNit5Projects\1.15.0 testcontainers-java\examples\spring-boot\src\test\java\com\example\AbstractIntegrationTest.java,,examples\spring-boot\src\test\java\com\example\AbstractIntegrationTest.java,,false,false,false,false,false,false,false,false,false,false,false,false,false,,,false,false,false,false,false,false
1.15.0 testcontainers-java,DemoControllerTest.java,C:\JUNit5Projects\1.15.0 testcontainers-java\examples\spring-boot\src\test\java\com\example\DemoControllerTest.java,C:\JUNit5Projects\1.15.0 testcontainers-java\examples\spring-boot\src\main\java\com\example\DemoController.java,examples\spring-boot\src\test\java\com\example\DemoControllerTest.java,examples\spring-boot\src\main\java\com\example\DemoController.java,false,false,false,false,false,false,false,false,false,false,false,false,false,false,false,false,false,false,false,false,false
1.15.0 testcontainers-java,CassandraContainerTest.java,C:\JUNit5Projects\1.15.0 testcontainers-java\modules\cassandra\src\test\java\org\testcontainers\containers\CassandraContainerTest.java,C:\JUNit5Projects\1.15.0 testcontainers-java\modules\cassandra\src\main\java\org\testcontainers\containers\CassandraContainer.java,modules\cassandra\src\test\java\org\testcontainers\containers\CassandraContainerTest.java,modules\cassandra\src\main\java\org\testcontainers\containers\CassandraContainer.java,false,false,false,false,false,false,false,false,false,false,false,false,false,false,true,false,false,true,false,true,false
1.15.0 testcontainers-java,ClickhouseJDBCDriverTest.java,C:\JUNit5Projects\1.15.0 testcontainers-java\modules\clickhouse\src\test\java\org\testcontainers\jdbc\clickhouse\ClickhouseJDBCDriverTest.java,,modules\clickhouse\src\test\java\org\testcontainers\jdbc\clickhouse\ClickhouseJDBCDriverTest.java,,false,false,false,false,false,false,false,false,false,false,false,false,false,,,false,false,false,false,false,false
1.15.0 testcontainers-java,SimpleClickhouseTest.java,C:\JUNit5Projects\1.15.0 testcontainers-java\modules\clickhouse\src\test\java\org\testcontainers\junit\clickhouse\SimpleClickhouseTest.java,,modules\clickhouse\src\test\java\org\testcontainers\junit\clickhouse\SimpleClickhouseTest.java,,false,false,false,false,false,true,false,false,false,false,false,false,false,,,false,false,false,false,true,false
1.15.0 testcontainers-java,CockroachDBJDBCDriverTest.java,C:\JUNit5Projects\1.15.0 testcontainers-java\modules\cockroachdb\src\test\java\org\testcontainers\jdbc\cockroachdb\CockroachDBJDBCDriverTest.java,,modules\cockroachdb\src\test\java\org\testcontainers\jdbc\cockroachdb\CockroachDBJDBCDriverTest.java,,false,false,false,false,false,false,false,false,false,false,false,false,false,,,false,false,false,false,false,false
1.15.0 testcontainers-java,SimpleCockroachDBTest.java,C:\JUNit5Projects\1.15.0 testcontainers-java\modules\cockroachdb\src\test\java\org\testcontainers\junit\cockroachdb\SimpleCockroachDBTest.java,,modules\cockroachdb\src\test\java\org\testcontainers\junit\cockroachdb\SimpleCockroachDBTest.java,,true,false,false,false,false,true,false,false,false,false,false,false,false,,,false,false,false,false,true,false
1.15.0 testcontainers-java,CouchbaseContainerTest.java,C:\JUNit5Projects\1.15.0 testcontainers-java\modules\couchbase\src\test\java\org\testcontainers\couchbase\CouchbaseContainerTest.java,C:\JUNit5Projects\1.15.0 testcontainers-java\modules\couchbase\src\main\java\org\testcontainers\couchbase\CouchbaseContainer.java,modules\couchbase\src\test\java\org\testcontainers\couchbase\CouchbaseContainerTest.java,modules\couchbase\src\main\java\org\testcontainers\couchbase\CouchbaseContainer.java,true,false,false,false,false,false,false,false,false,false,false,false,false,true,false,false,false,false,false,false,false
1.15.0 testcontainers-java,ScriptSplittingTest.java,C:\JUNit5Projects\1.15.0 testcontainers-java\modules\database-commons\src\test\java\org\testcontainers\ext\ScriptSplittingTest.java,,modules\database-commons\src\test\java\org\testcontainers\ext\ScriptSplittingTest.java,,false,false,false,false,false,true,false,false,false,false,false,false,false,,,false,true,false,false,false,false
1.15.0 testcontainers-java,DB2JDBCDriverTest.java,C:\JUNit5Projects\1.15.0 testcontainers-java\modules\db2\src\test\java\org\testcontainers\jdbc\db2\DB2JDBCDriverTest.java,,modules\db2\src\test\java\org\testcontainers\jdbc\db2\DB2JDBCDriverTest.java,,false,false,false,false,false,false,false,false,false,false,false,false,false,,,false,false,false,false,false,false
1.15.0 testcontainers-java,SimpleDb2Test.java,C:\JUNit5Projects\1.15.0 testcontainers-java\modules\db2\src\test\java\org\testcontainers\junit\db2\SimpleDb2Test.java,,modules\db2\src\test\java\org\testcontainers\junit\db2\SimpleDb2Test.java,,false,false,false,false,false,true,false,false,false,false,false,false,false,,,false,false,false,false,true,false
1.15.0 testcontainers-java,DynaliteContainerTest.java,C:\JUNit5Projects\1.15.0 testcontainers-java\modules\dynalite\src\test\java\org\testcontainers\dynamodb\DynaliteContainerTest.java,C:\JUNit5Projects\1.15.0 testcontainers-java\modules\dynalite\src\main\java\org\testcontainers\dynamodb\DynaliteContainer.java,modules\dynalite\src\test\java\org\testcontainers\dynamodb\DynaliteContainerTest.java,modules\dynalite\src\main\java\org\testcontainers\dynamodb\DynaliteContainer.java,false,false,false,false,false,false,false,false,false,false,false,false,false,true,false,false,true,false,false,false,false
1.15.0 testcontainers-java,ElasticsearchContainerTest.java,C:\JUNit5Projects\1.15.0 testcontainers-java\modules\elasticsearch\src\test\java\org\testcontainers\elasticsearch\ElasticsearchContainerTest.java,C:\JUNit5Projects\1.15.0 testcontainers-java\modules\elasticsearch\src\main\java\org\testcontainers\elasticsearch\ElasticsearchContainer.java,modules\elasticsearch\src\test\java\org\testcontainers\elasticsearch\ElasticsearchContainerTest.java,modules\elasticsearch\src\main\java\org\testcontainers\elasticsearch\ElasticsearchContainer.java,true,false,false,false,false,true,false,false,false,false,true,false,false,true,true,true,false,false,false,true,false
1.15.0 testcontainers-java,DatastoreEmulatorContainerTest.java,C:\JUNit5Projects\1.15.0 testcontainers-java\modules\gcloud\src\test\java\org\testcontainers\containers\DatastoreEmulatorContainerTest.java,C:\JUNit5Projects\1.15.0 testcontainers-java\modules\gcloud\src\main\java\org\testcontainers\containers\DatastoreEmulatorContainer.java,modules\gcloud\src\test\java\org\testcontainers\containers\DatastoreEmulatorContainerTest.java,modules\gcloud\src\main\java\org\testcontainers\containers\DatastoreEmulatorContainer.java,false,false,false,false,false,false,false,false,false,false,false,false,false,false,false,false,false,false,false,false,false
1.15.0 testcontainers-java,FirestoreEmulatorContainerTest.java,C:\JUNit5Projects\1.15.0 testcontainers-java\modules\gcloud\src\test\java\org\testcontainers\containers\FirestoreEmulatorContainerTest.java,C:\JUNit5Projects\1.15.0 testcontainers-java\modules\gcloud\src\main\java\org\testcontainers\containers\FirestoreEmulatorContainer.java,modules\gcloud\src\test\java\org\testcontainers\containers\FirestoreEmulatorContainerTest.java,modules\gcloud\src\main\java\org\testcontainers\containers\FirestoreEmulatorContainer.java,false,false,false,false,false,true,false,false,false,false,false,false,false,false,false,false,false,false,false,false,false
1.15.0 testcontainers-java,PubSubEmulatorContainerTest.java,C:\JUNit5Projects\1.15.0 testcontainers-java\modules\gcloud\src\test\java\org\testcontainers\containers\PubSubEmulatorContainerTest.java,C:\JUNit5Projects\1.15.0 testcontainers-java\modules\gcloud\src\main\java\org\testcontainers\containers\PubSubEmulatorContainer.java,modules\gcloud\src\test\java\org\testcontainers\containers\PubSubEmulatorContainerTest.java,modules\gcloud\src\main\java\org\testcontainers\containers\PubSubEmulatorContainer.java,true,false,false,false,false,true,false,false,false,false,true,false,false,false,false,false,false,false,false,false,false
1.15.0 testcontainers-java,SpannerEmulatorContainerTest.java,C:\JUNit5Projects\1.15.0 testcontainers-java\modules\gcloud\src\test\java\org\testcontainers\containers\SpannerEmulatorContainerTest.java,C:\JUNit5Projects\1.15.0 testcontainers-java\modules\gcloud\src\main\java\org\testcontainers\containers\SpannerEmulatorContainer.java,modules\gcloud\src\test\java\org\testcontainers\containers\SpannerEmulatorContainerTest.java,modules\gcloud\src\main\java\org\testcontainers\containers\SpannerEmulatorContainer.java,true,false,false,false,false,true,false,false,false,false,false,false,false,false,false,false,false,false,false,true,false
1.15.0 testcontainers-java,InfluxDBContainerTest.java,C:\JUNit5Projects\1.15.0 testcontainers-java\modules\influxdb\src\test\java\org\testcontainers\containers\InfluxDBContainerTest.java,C:\JUNit5Projects\1.15.0 testcontainers-java\modules\influxdb\src\main\java\org\testcontainers\containers\InfluxDBContainer.java,modules\influxdb\src\test\java\org\testcontainers\containers\InfluxDBContainerTest.java,modules\influxdb\src\main\java\org\testcontainers\containers\InfluxDBContainer.java,true,false,false,false,false,false,false,false,false,false,false,false,false,false,false,false,false,false,false,false,false
1.15.0 testcontainers-java,InfluxDBContainerWithUserTest.java,C:\JUNit5Projects\1.15.0 testcontainers-java\modules\influxdb\src\test\java\org\testcontainers\containers\InfluxDBContainerWithUserTest.java,,modules\influxdb\src\test\java\org\testcontainers\containers\InfluxDBContainerWithUserTest.java,,true,false,false,false,false,false,false,false,false,false,false,false,false,,,false,false,false,false,true,false
1.15.0 testcontainers-java,ConnectionUrlDriversTests.java,C:\JUNit5Projects\1.15.0 testcontainers-java\modules\jdbc\src\test\java\org\testcontainers\jdbc\ConnectionUrlDriversTests.java,,modules\jdbc\src\test\java\org\testcontainers\jdbc\ConnectionUrlDriversTests.java,,false,false,false,false,false,false,false,false,false,false,false,false,false,,,false,false,false,false,false,false
1.15.0 testcontainers-java,ConnectionUrlTest.java,C:\JUNit5Projects\1.15.0 testcontainers-java\modules\jdbc\src\test\java\org\testcontainers\jdbc\ConnectionUrlTest.java,C:\JUNit5Projects\1.15.0 testcontainers-java\modules\jdbc\src\main\java\org\testcontainers\jdbc\ConnectionUrl.java,modules\jdbc\src\test\java\org\testcontainers\jdbc\ConnectionUrlTest.java,modules\jdbc\src\main\java\org\testcontainers\jdbc\ConnectionUrl.java,false,false,false,false,false,false,false,false,false,false,false,false,false,true,true,true,false,false,false,true,false
1.15.0 testcontainers-java,ContainerDatabaseDriverTest.java,C:\JUNit5Projects\1.15.0 testcontainers-java\modules\jdbc\src\test\java\org\testcontainers\jdbc\ContainerDatabaseDriverTest.java,C:\JUNit5Projects\1.15.0 testcontainers-java\modules\jdbc\src\main\java\org\testcontainers\jdbc\ContainerDatabaseDriver.java,modules\jdbc\src\test\java\org\testcontainers\jdbc\ContainerDatabaseDriverTest.java,modules\jdbc\src\main\java\org\testcontainers\jdbc\ContainerDatabaseDriver.java,false,false,false,false,false,true,false,false,false,false,false,false,false,false,false,false,true,false,false,false,false
1.15.0 testcontainers-java,MissingJdbcDriverTest.java,C:\JUNit5Projects\1.15.0 testcontainers-java\modules\jdbc\src\test\java\org\testcontainers\jdbc\MissingJdbcDriverTest.java,,modules\jdbc\src\test\java\org\testcontainers\jdbc\MissingJdbcDriverTest.java,,false,false,false,false,false,true,false,false,false,false,false,false,false,,,false,false,false,false,true,false
1.15.0 testcontainers-java,AbstractContainerDatabaseTest.java,C:\JUNit5Projects\1.15.0 testcontainers-java\modules\jdbc-test\src\main\java\org\testcontainers\db\AbstractContainerDatabaseTest.java,,modules\jdbc-test\src\main\java\org\testcontainers\db\AbstractContainerDatabaseTest.java,,false,false,false,false,false,false,false,false,false,false,false,false,false,,,false,false,false,false,false,false
1.15.0 testcontainers-java,AbstractJDBCDriverTest.java,C:\JUNit5Projects\1.15.0 testcontainers-java\modules\jdbc-test\src\main\java\org\testcontainers\jdbc\AbstractJDBCDriverTest.java,,modules\jdbc-test\src\main\java\org\testcontainers\jdbc\AbstractJDBCDriverTest.java,,false,true,false,false,false,true,false,false,false,false,false,false,false,,,false,true,false,false,false,false
1.15.0 testcontainers-java,TestcontainersExtension.java,C:\JUNit5Projects\1.15.0 testcontainers-java\modules\junit-jupiter\src\main\java\org\testcontainers\junit\jupiter\TestcontainersExtension.java,,modules\junit-jupiter\src\main\java\org\testcontainers\junit\jupiter\TestcontainersExtension.java,,false,false,false,false,false,false,false,false,false,false,false,false,false,,,false,false,true,false,false,false
1.15.0 testcontainers-java,TestcontainerTestDescription.java,C:\JUNit5Projects\1.15.0 testcontainers-java\modules\junit-jupiter\src\main\java\org\testcontainers\junit\jupiter\TestcontainerTestDescription.java,,modules\junit-jupiter\src\main\java\org\testcontainers\junit\jupiter\TestcontainerTestDescription.java,,false,false,false,false,false,false,false,false,false,false,false,false,false,,,false,false,false,false,false,false
1.15.0 testcontainers-java,ComposeContainerTests.java,C:\JUNit5Projects\1.15.0 testcontainers-java\modules\junit-jupiter\src\test\java\org\testcontainers\junit\jupiter\ComposeContainerTests.java,,modules\junit-jupiter\src\test\java\org\testcontainers\junit\jupiter\ComposeContainerTests.java,,false,false,false,false,false,false,false,false,false,false,false,false,false,,,false,false,false,false,false,false
1.15.0 testcontainers-java,FilesystemFriendlyNameGeneratorTest.java,C:\JUNit5Projects\1.15.0 testcontainers-java\modules\junit-jupiter\src\test\java\org\testcontainers\junit\jupiter\FilesystemFriendlyNameGeneratorTest.java,C:\JUNit5Projects\1.15.0 testcontainers-java\modules\junit-jupiter\src\main\java\org\testcontainers\junit\jupiter\FilesystemFriendlyNameGenerator.java,modules\junit-jupiter\src\test\java\org\testcontainers\junit\jupiter\FilesystemFriendlyNameGeneratorTest.java,modules\junit-jupiter\src\main\java\org\testcontainers\junit\jupiter\FilesystemFriendlyNameGenerator.java,false,false,false,false,false,false,false,false,false,false,false,false,false,false,false,false,false,false,false,false,false
1.15.0 testcontainers-java,InheritedTests.java,C:\JUNit5Projects\1.15.0 testcontainers-java\modules\junit-jupiter\src\test\java\org\testcontainers\junit\jupiter\inheritance\InheritedTests.java,,modules\junit-jupiter\src\test\java\org\testcontainers\junit\jupiter\inheritance\InheritedTests.java,,false,false,false,false,false,false,false,false,false,false,false,false,false,,,false,false,false,false,false,false
1.15.0 testcontainers-java,MixedLifecycleTests.java,C:\JUNit5Projects\1.15.0 testcontainers-java\modules\junit-jupiter\src\test\java\org\testcontainers\junit\jupiter\MixedLifecycleTests.java,,modules\junit-jupiter\src\test\java\org\testcontainers\junit\jupiter\MixedLifecycleTests.java,,false,false,false,false,false,false,false,false,false,false,false,false,false,,,false,false,true,false,false,false
1.15.0 testcontainers-java,PostgresContainerTests.java,C:\JUNit5Projects\1.15.0 testcontainers-java\modules\junit-jupiter\src\test\java\org\testcontainers\junit\jupiter\PostgresContainerTests.java,,modules\junit-jupiter\src\test\java\org\testcontainers\junit\jupiter\PostgresContainerTests.java,,false,false,false,false,false,false,false,false,false,false,false,false,false,,,false,false,false,false,false,false
1.15.0 testcontainers-java,TestcontainersExtensionTests.java,C:\JUNit5Projects\1.15.0 testcontainers-java\modules\junit-jupiter\src\test\java\org\testcontainers\junit\jupiter\TestcontainersExtensionTests.java,C:\JUNit5Projects\1.15.0 testcontainers-java\modules\junit-jupiter\src\main\java\org\testcontainers\junit\jupiter\TestcontainersExtension.java,modules\junit-jupiter\src\test\java\org\testcontainers\junit\jupiter\TestcontainersExtensionTests.java,modules\junit-jupiter\src\main\java\org\testcontainers\junit\jupiter\TestcontainersExtension.java,false,false,false,false,false,false,false,false,false,false,false,false,false,false,false,false,false,false,false,false,false
1.15.0 testcontainers-java,TestcontainersNestedRestartedContainerTests.java,C:\JUNit5Projects\1.15.0 testcontainers-java\modules\junit-jupiter\src\test\java\org\testcontainers\junit\jupiter\TestcontainersNestedRestartedContainerTests.java,,modules\junit-jupiter\src\test\java\org\testcontainers\junit\jupiter\TestcontainersNestedRestartedContainerTests.java,,false,false,false,false,false,false,false,false,false,false,false,false,false,,,false,false,false,false,false,false
1.15.0 testcontainers-java,TestcontainersNestedSharedContainerTests.java,C:\JUNit5Projects\1.15.0 testcontainers-java\modules\junit-jupiter\src\test\java\org\testcontainers\junit\jupiter\TestcontainersNestedSharedContainerTests.java,,modules\junit-jupiter\src\test\java\org\testcontainers\junit\jupiter\TestcontainersNestedSharedContainerTests.java,,false,false,false,false,false,false,false,false,false,false,false,false,false,,,false,false,false,false,false,false
1.15.0 testcontainers-java,TestcontainersRestartBetweenTests.java,C:\JUNit5Projects\1.15.0 testcontainers-java\modules\junit-jupiter\src\test\java\org\testcontainers\junit\jupiter\TestcontainersRestartBetweenTests.java,,modules\junit-jupiter\src\test\java\org\testcontainers\junit\jupiter\TestcontainersRestartBetweenTests.java,,false,false,false,false,false,false,false,false,false,false,false,false,false,,,false,false,false,false,false,false
1.15.0 testcontainers-java,TestcontainersSharedContainerTests.java,C:\JUNit5Projects\1.15.0 testcontainers-java\modules\junit-jupiter\src\test\java\org\testcontainers\junit\jupiter\TestcontainersSharedContainerTests.java,,modules\junit-jupiter\src\test\java\org\testcontainers\junit\jupiter\TestcontainersSharedContainerTests.java,,false,false,false,false,false,false,false,false,false,false,false,false,false,,,false,false,false,false,false,false
1.15.0 testcontainers-java,TestLifecycleAwareContainerMock.java,C:\JUNit5Projects\1.15.0 testcontainers-java\modules\junit-jupiter\src\test\java\org\testcontainers\junit\jupiter\TestLifecycleAwareContainerMock.java,,modules\junit-jupiter\src\test\java\org\testcontainers\junit\jupiter\TestLifecycleAwareContainerMock.java,,false,false,false,false,false,false,false,false,false,false,false,false,false,,,false,false,false,false,false,false
1.15.0 testcontainers-java,TestLifecycleAwareExceptionCapturingTest.java,C:\JUNit5Projects\1.15.0 testcontainers-java\modules\junit-jupiter\src\test\java\org\testcontainers\junit\jupiter\TestLifecycleAwareExceptionCapturingTest.java,,modules\junit-jupiter\src\test\java\org\testcontainers\junit\jupiter\TestLifecycleAwareExceptionCapturingTest.java,,false,false,false,false,false,false,false,false,false,false,false,false,false,,,false,false,false,false,false,false
1.15.0 testcontainers-java,TestLifecycleAwareMethodTest.java,C:\JUNit5Projects\1.15.0 testcontainers-java\modules\junit-jupiter\src\test\java\org\testcontainers\junit\jupiter\TestLifecycleAwareMethodTest.java,,modules\junit-jupiter\src\test\java\org\testcontainers\junit\jupiter\TestLifecycleAwareMethodTest.java,,false,false,false,false,false,false,false,false,false,false,false,false,false,,,false,false,false,false,false,false
1.15.0 testcontainers-java,WrongAnnotationUsageTests.java,C:\JUNit5Projects\1.15.0 testcontainers-java\modules\junit-jupiter\src\test\java\org\testcontainers\junit\jupiter\WrongAnnotationUsageTests.java,,modules\junit-jupiter\src\test\java\org\testcontainers\junit\jupiter\WrongAnnotationUsageTests.java,,false,false,false,false,false,false,false,false,false,false,false,false,false,,,false,false,false,false,false,false
1.15.0 testcontainers-java,KafkaContainerTest.java,C:\JUNit5Projects\1.15.0 testcontainers-java\modules\kafka\src\test\java\org\testcontainers\containers\KafkaContainerTest.java,C:\JUNit5Projects\1.15.0 testcontainers-java\modules\kafka\src\main\java\org\testcontainers\containers\KafkaContainer.java,modules\kafka\src\test\java\org\testcontainers\containers\KafkaContainerTest.java,modules\kafka\src\main\java\org\testcontainers\containers\KafkaContainer.java,false,false,false,false,false,true,false,false,false,false,false,false,false,true,true,false,true,true,false,false,false
1.15.0 testcontainers-java,LegacyModeTest.java,C:\JUNit5Projects\1.15.0 testcontainers-java\modules\localstack\src\test\java\org\testcontainers\containers\localstack\LegacyModeTest.java,,modules\localstack\src\test\java\org\testcontainers\containers\localstack\LegacyModeTest.java,,false,false,false,false,false,false,false,false,false,false,true,false,false,,,false,false,false,false,false,false
1.15.0 testcontainers-java,LocalstackContainerTest.java,C:\JUNit5Projects\1.15.0 testcontainers-java\modules\localstack\src\test\java\org\testcontainers\containers\localstack\LocalstackContainerTest.java,C:\JUNit5Projects\1.15.0 testcontainers-java\modules\localstack\src\main\java\org\testcontainers\containers\localstack\LocalStackContainer.java,modules\localstack\src\test\java\org\testcontainers\containers\localstack\LocalstackContainerTest.java,modules\localstack\src\main\java\org\testcontainers\containers\localstack\LocalStackContainer.java,false,false,false,false,false,true,false,false,false,false,true,false,false,true,true,false,true,false,false,true,false
1.15.0 testcontainers-java,MariaDBR2DBCDatabaseContainerTest.java,C:\JUNit5Projects\1.15.0 testcontainers-java\modules\mariadb\src\test\java\org\testcontainers\containers\MariaDBR2DBCDatabaseContainerTest.java,C:\JUNit5Projects\1.15.0 testcontainers-java\modules\mariadb\src\main\java\org\testcontainers\containers\MariaDBR2DBCDatabaseContainer.java,modules\mariadb\src\test\java\org\testcontainers\containers\MariaDBR2DBCDatabaseContainerTest.java,modules\mariadb\src\main\java\org\testcontainers\containers\MariaDBR2DBCDatabaseContainer.java,false,false,false,false,false,false,false,false,false,false,false,false,false,false,false,false,false,false,false,false,false
1.15.0 testcontainers-java,MariaDBJDBCDriverTest.java,C:\JUNit5Projects\1.15.0 testcontainers-java\modules\mariadb\src\test\java\org\testcontainers\jdbc\mariadb\MariaDBJDBCDriverTest.java,,modules\mariadb\src\test\java\org\testcontainers\jdbc\mariadb\MariaDBJDBCDriverTest.java,,false,false,false,false,false,false,false,false,false,false,false,false,false,,,false,false,false,false,false,false
1.15.0 testcontainers-java,SimpleMariaDBTest.java,C:\JUNit5Projects\1.15.0 testcontainers-java\modules\mariadb\src\test\java\org\testcontainers\junit\mariadb\SimpleMariaDBTest.java,,modules\mariadb\src\test\java\org\testcontainers\junit\mariadb\SimpleMariaDBTest.java,,true,false,false,false,false,true,false,false,false,false,false,false,false,,,false,false,false,false,true,false
1.15.0 testcontainers-java,MockServerContainerTest.java,C:\JUNit5Projects\1.15.0 testcontainers-java\modules\mockserver\src\test\java\org\testcontainers\containers\MockServerContainerTest.java,C:\JUNit5Projects\1.15.0 testcontainers-java\modules\mockserver\src\main\java\org\testcontainers\containers\MockServerContainer.java,modules\mockserver\src\test\java\org\testcontainers\containers\MockServerContainerTest.java,modules\mockserver\src\main\java\org\testcontainers\containers\MockServerContainer.java,false,false,false,false,false,true,false,false,false,false,false,false,false,true,true,false,false,false,false,false,false
1.15.0 testcontainers-java,MongoDBContainerTest.java,C:\JUNit5Projects\1.15.0 testcontainers-java\modules\mongodb\src\test\java\org\testcontainers\containers\MongoDBContainerTest.java,C:\JUNit5Projects\1.15.0 testcontainers-java\modules\mongodb\src\main\java\org\testcontainers\containers\MongoDBContainer.java,modules\mongodb\src\test\java\org\testcontainers\containers\MongoDBContainerTest.java,modules\mongodb\src\main\java\org\testcontainers\containers\MongoDBContainer.java,true,false,false,false,false,true,false,false,false,false,false,false,false,false,true,false,true,false,false,false,false
1.15.0 testcontainers-java,MSSQLR2DBCDatabaseContainerTest.java,C:\JUNit5Projects\1.15.0 testcontainers-java\modules\mssqlserver\src\test\java\org\testcontainers\containers\MSSQLR2DBCDatabaseContainerTest.java,C:\JUNit5Projects\1.15.0 testcontainers-java\modules\mssqlserver\src\main\java\org\testcontainers\containers\MSSQLR2DBCDatabaseContainer.java,modules\mssqlserver\src\test\java\org\testcontainers\containers\MSSQLR2DBCDatabaseContainerTest.java,modules\mssqlserver\src\main\java\org\testcontainers\containers\MSSQLR2DBCDatabaseContainer.java,false,false,false,false,false,false,false,false,false,false,false,false,false,false,false,false,false,false,false,false,false
1.15.0 testcontainers-java,MSSQLServerJDBCDriverTest.java,C:\JUNit5Projects\1.15.0 testcontainers-java\modules\mssqlserver\src\test\java\org\testcontainers\jdbc\mssqlserver\MSSQLServerJDBCDriverTest.java,,modules\mssqlserver\src\test\java\org\testcontainers\jdbc\mssqlserver\MSSQLServerJDBCDriverTest.java,,false,false,false,false,false,false,false,false,false,false,false,false,false,,,false,false,false,false,false,false
1.15.0 testcontainers-java,CustomizableMSSQLServerTest.java,C:\JUNit5Projects\1.15.0 testcontainers-java\modules\mssqlserver\src\test\java\org\testcontainers\junit\mssqlserver\CustomizableMSSQLServerTest.java,,modules\mssqlserver\src\test\java\org\testcontainers\junit\mssqlserver\CustomizableMSSQLServerTest.java,,false,false,false,false,false,true,false,false,false,false,false,false,false,,,false,false,false,false,true,false
1.15.0 testcontainers-java,CustomPasswordMSSQLServerTest.java,C:\JUNit5Projects\1.15.0 testcontainers-java\modules\mssqlserver\src\test\java\org\testcontainers\junit\mssqlserver\CustomPasswordMSSQLServerTest.java,,modules\mssqlserver\src\test\java\org\testcontainers\junit\mssqlserver\CustomPasswordMSSQLServerTest.java,,false,true,true,false,false,true,false,false,false,false,false,false,false,,,false,false,false,false,false,false
1.15.0 testcontainers-java,SimpleMSSQLServerTest.java,C:\JUNit5Projects\1.15.0 testcontainers-java\modules\mssqlserver\src\test\java\org\testcontainers\junit\mssqlserver\SimpleMSSQLServerTest.java,,modules\mssqlserver\src\test\java\org\testcontainers\junit\mssqlserver\SimpleMSSQLServerTest.java,,false,false,false,false,false,true,false,false,false,false,false,false,false,,,false,false,false,false,true,false
1.15.0 testcontainers-java,MySQLR2DBCDatabaseContainerTest.java,C:\JUNit5Projects\1.15.0 testcontainers-java\modules\mysql\src\test\java\org\testcontainers\containers\MySQLR2DBCDatabaseContainerTest.java,C:\JUNit5Projects\1.15.0 testcontainers-java\modules\mysql\src\main\java\org\testcontainers\containers\MySQLR2DBCDatabaseContainer.java,modules\mysql\src\test\java\org\testcontainers\containers\MySQLR2DBCDatabaseContainerTest.java,modules\mysql\src\main\java\org\testcontainers\containers\MySQLR2DBCDatabaseContainer.java,false,false,false,false,false,false,false,false,false,false,false,false,false,false,false,false,false,false,false,false,false
1.15.0 testcontainers-java,JDBCDriverWithPoolTest.java,C:\JUNit5Projects\1.15.0 testcontainers-java\modules\mysql\src\test\java\org\testcontainers\jdbc\mysql\JDBCDriverWithPoolTest.java,,modules\mysql\src\test\java\org\testcontainers\jdbc\mysql\JDBCDriverWithPoolTest.java,,false,true,true,false,false,true,false,false,false,false,false,false,false,,,true,false,false,false,true,false
1.15.0 testcontainers-java,MySQLJDBCDriverTest.java,C:\JUNit5Projects\1.15.0 testcontainers-java\modules\mysql\src\test\java\org\testcontainers\jdbc\mysql\MySQLJDBCDriverTest.java,,modules\mysql\src\test\java\org\testcontainers\jdbc\mysql\MySQLJDBCDriverTest.java,,false,false,false,false,false,false,false,false,false,false,false,false,false,,,false,false,false,false,false,false
1.15.0 testcontainers-java,CustomizableMysqlTest.java,C:\JUNit5Projects\1.15.0 testcontainers-java\modules\mysql\src\test\java\org\testcontainers\junit\mysql\CustomizableMysqlTest.java,,modules\mysql\src\test\java\org\testcontainers\junit\mysql\CustomizableMysqlTest.java,,false,false,false,false,false,true,false,false,false,false,false,false,false,,,false,false,false,false,true,false
1.15.0 testcontainers-java,MultiVersionMySQLTest.java,C:\JUNit5Projects\1.15.0 testcontainers-java\modules\mysql\src\test\java\org\testcontainers\junit\mysql\MultiVersionMySQLTest.java,,modules\mysql\src\test\java\org\testcontainers\junit\mysql\MultiVersionMySQLTest.java,,false,false,true,false,false,true,false,false,false,false,false,false,false,,,false,false,false,false,false,false
1.15.0 testcontainers-java,SimpleMySQLTest.java,C:\JUNit5Projects\1.15.0 testcontainers-java\modules\mysql\src\test\java\org\testcontainers\junit\mysql\SimpleMySQLTest.java,,modules\mysql\src\test\java\org\testcontainers\junit\mysql\SimpleMySQLTest.java,,true,false,false,false,false,true,false,false,false,false,false,false,false,,,false,false,false,false,true,false
1.15.0 testcontainers-java,Neo4jContainerJUnitIntegrationTest.java,C:\JUNit5Projects\1.15.0 testcontainers-java\modules\neo4j\src\test\java\org\testcontainers\containers\Neo4jContainerJUnitIntegrationTest.java,,modules\neo4j\src\test\java\org\testcontainers\containers\Neo4jContainerJUnitIntegrationTest.java,,true,false,false,false,false,true,false,false,false,false,false,false,false,,,true,false,false,false,false,false
1.15.0 testcontainers-java,Neo4jContainerTest.java,C:\JUNit5Projects\1.15.0 testcontainers-java\modules\neo4j\src\test\java\org\testcontainers\containers\Neo4jContainerTest.java,C:\JUNit5Projects\1.15.0 testcontainers-java\modules\neo4j\src\main\java\org\testcontainers\containers\Neo4jContainer.java,modules\neo4j\src\test\java\org\testcontainers\containers\Neo4jContainerTest.java,modules\neo4j\src\main\java\org\testcontainers\containers\Neo4jContainer.java,true,false,false,false,false,false,false,false,false,false,false,false,false,true,true,true,false,false,false,false,false
1.15.0 testcontainers-java,SimpleNginxTest.java,C:\JUNit5Projects\1.15.0 testcontainers-java\modules\nginx\src\test\java\org\testcontainers\junit\SimpleNginxTest.java,,modules\nginx\src\test\java\org\testcontainers\junit\SimpleNginxTest.java,,false,false,false,false,false,true,false,false,false,false,false,false,false,,,false,false,false,false,false,false
1.15.0 testcontainers-java,OracleJDBCDriverTest.java,C:\JUNit5Projects\1.15.0 testcontainers-java\modules\oracle-xe\src\test\java\org\testcontainers\containers\jdbc\OracleJDBCDriverTest.java,,modules\oracle-xe\src\test\java\org\testcontainers\containers\jdbc\OracleJDBCDriverTest.java,,false,false,false,false,false,true,false,false,false,false,false,false,false,,,false,true,true,false,false,false
1.15.0 testcontainers-java,SimpleOracleTest.java,C:\JUNit5Projects\1.15.0 testcontainers-java\modules\oracle-xe\src\test\java\org\testcontainers\junit\oracle\SimpleOracleTest.java,,modules\oracle-xe\src\test\java\org\testcontainers\junit\oracle\SimpleOracleTest.java,,false,false,false,false,false,true,false,false,false,false,false,false,false,,,false,false,true,false,true,false
1.15.0 testcontainers-java,OrientDBContainerTest.java,C:\JUNit5Projects\1.15.0 testcontainers-java\modules\orientdb\src\test\java\org\testcontainers\containers\OrientDBContainerTest.java,C:\JUNit5Projects\1.15.0 testcontainers-java\modules\orientdb\src\main\java\org\testcontainers\containers\OrientDBContainer.java,modules\orientdb\src\test\java\org\testcontainers\containers\OrientDBContainerTest.java,modules\orientdb\src\main\java\org\testcontainers\containers\OrientDBContainer.java,true,false,false,false,false,false,false,false,false,false,false,false,false,true,true,false,false,false,false,false,false
1.15.0 testcontainers-java,PostgreSQLConnectionURLTest.java,C:\JUNit5Projects\1.15.0 testcontainers-java\modules\postgresql\src\test\java\org\testcontainers\containers\PostgreSQLConnectionURLTest.java,,modules\postgresql\src\test\java\org\testcontainers\containers\PostgreSQLConnectionURLTest.java,,false,false,false,false,false,false,false,false,false,false,false,false,false,,,false,false,false,false,true,false
1.15.0 testcontainers-java,PostgreSQLR2DBCDatabaseContainerTest.java,C:\JUNit5Projects\1.15.0 testcontainers-java\modules\postgresql\src\test\java\org\testcontainers\containers\PostgreSQLR2DBCDatabaseContainerTest.java,C:\JUNit5Projects\1.15.0 testcontainers-java\modules\postgresql\src\main\java\org\testcontainers\containers\PostgreSQLR2DBCDatabaseContainer.java,modules\postgresql\src\test\java\org\testcontainers\containers\PostgreSQLR2DBCDatabaseContainerTest.java,modules\postgresql\src\main\java\org\testcontainers\containers\PostgreSQLR2DBCDatabaseContainer.java,false,false,false,false,false,false,false,false,false,false,false,false,false,false,false,false,false,false,false,false,false
1.15.0 testcontainers-java,DatabaseDriverShutdownTest.java,C:\JUNit5Projects\1.15.0 testcontainers-java\modules\postgresql\src\test\java\org\testcontainers\jdbc\DatabaseDriverShutdownTest.java,,modules\postgresql\src\test\java\org\testcontainers\jdbc\DatabaseDriverShutdownTest.java,,false,false,false,false,false,true,false,false,false,false,false,false,false,,,false,true,false,false,false,false
1.15.0 testcontainers-java,DatabaseDriverTmpfsTest.java,C:\JUNit5Projects\1.15.0 testcontainers-java\modules\postgresql\src\test\java\org\testcontainers\jdbc\DatabaseDriverTmpfsTest.java,,modules\postgresql\src\test\java\org\testcontainers\jdbc\DatabaseDriverTmpfsTest.java,,false,false,false,false,false,true,false,false,false,false,false,false,false,,,false,false,false,false,true,false
1.15.0 testcontainers-java,PostgisJDBCDriverTest.java,C:\JUNit5Projects\1.15.0 testcontainers-java\modules\postgresql\src\test\java\org\testcontainers\jdbc\postgis\PostgisJDBCDriverTest.java,,modules\postgresql\src\test\java\org\testcontainers\jdbc\postgis\PostgisJDBCDriverTest.java,,false,false,false,false,false,false,false,false,false,false,false,false,false,,,false,false,false,false,false,false
1.15.0 testcontainers-java,PostgreSQLJDBCDriverTest.java,C:\JUNit5Projects\1.15.0 testcontainers-java\modules\postgresql\src\test\java\org\testcontainers\jdbc\postgresql\PostgreSQLJDBCDriverTest.java,,modules\postgresql\src\test\java\org\testcontainers\jdbc\postgresql\PostgreSQLJDBCDriverTest.java,,false,false,false,false,false,false,false,false,false,false,false,false,false,,,false,false,false,false,false,false
1.15.0 testcontainers-java,CustomizablePostgreSQLTest.java,C:\JUNit5Projects\1.15.0 testcontainers-java\modules\postgresql\src\test\java\org\testcontainers\junit\postgresql\CustomizablePostgreSQLTest.java,,modules\postgresql\src\test\java\org\testcontainers\junit\postgresql\CustomizablePostgreSQLTest.java,,false,false,false,false,false,true,false,false,false,false,false,false,false,,,false,false,false,false,true,false
1.15.0 testcontainers-java,SimplePostgreSQLTest.java,C:\JUNit5Projects\1.15.0 testcontainers-java\modules\postgresql\src\test\java\org\testcontainers\junit\postgresql\SimplePostgreSQLTest.java,,modules\postgresql\src\test\java\org\testcontainers\junit\postgresql\SimplePostgreSQLTest.java,,true,false,false,false,false,true,false,false,false,false,false,false,false,,,false,false,false,false,true,false
1.15.0 testcontainers-java,PrestoContainerTest.java,C:\JUNit5Projects\1.15.0 testcontainers-java\modules\presto\src\test\java\org\testcontainers\containers\PrestoContainerTest.java,C:\JUNit5Projects\1.15.0 testcontainers-java\modules\presto\src\main\java\org\testcontainers\containers\PrestoContainer.java,modules\presto\src\test\java\org\testcontainers\containers\PrestoContainerTest.java,modules\presto\src\main\java\org\testcontainers\containers\PrestoContainer.java,true,true,false,false,false,true,false,false,false,false,false,false,false,false,true,true,false,false,false,true,false
1.15.0 testcontainers-java,PrestoJDBCDriverTest.java,C:\JUNit5Projects\1.15.0 testcontainers-java\modules\presto\src\test\java\org\testcontainers\jdbc\presto\PrestoJDBCDriverTest.java,,modules\presto\src\test\java\org\testcontainers\jdbc\presto\PrestoJDBCDriverTest.java,,false,false,false,false,false,false,false,false,false,false,false,false,false,,,false,false,false,false,false,false
1.15.0 testcontainers-java,PulsarContainerTest.java,C:\JUNit5Projects\1.15.0 testcontainers-java\modules\pulsar\src\test\java\org\testcontainers\containers\PulsarContainerTest.java,C:\JUNit5Projects\1.15.0 testcontainers-java\modules\pulsar\src\main\java\org\testcontainers\containers\PulsarContainer.java,modules\pulsar\src\test\java\org\testcontainers\containers\PulsarContainerTest.java,modules\pulsar\src\main\java\org\testcontainers\containers\PulsarContainer.java,false,false,false,false,false,true,false,false,false,false,false,false,false,true,true,false,true,true,false,false,false
1.15.0 testcontainers-java,TestcontainersR2DBCConnectionFactory.java,C:\JUNit5Projects\1.15.0 testcontainers-java\modules\r2dbc\src\main\java\org\testcontainers\r2dbc\TestcontainersR2DBCConnectionFactory.java,,modules\r2dbc\src\main\java\org\testcontainers\r2dbc\TestcontainersR2DBCConnectionFactory.java,,false,false,true,false,false,false,false,false,false,false,false,false,false,,,false,false,false,false,false,false
1.15.0 testcontainers-java,TestcontainersR2DBCConnectionFactoryTest.java,C:\JUNit5Projects\1.15.0 testcontainers-java\modules\r2dbc\src\test\java\org\testcontainers\r2dbc\TestcontainersR2DBCConnectionFactoryTest.java,C:\JUNit5Projects\1.15.0 testcontainers-java\modules\r2dbc\src\main\java\org\testcontainers\r2dbc\TestcontainersR2DBCConnectionFactory.java,modules\r2dbc\src\test\java\org\testcontainers\r2dbc\TestcontainersR2DBCConnectionFactoryTest.java,modules\r2dbc\src\main\java\org\testcontainers\r2dbc\TestcontainersR2DBCConnectionFactory.java,true,false,false,false,false,false,false,false,false,false,false,false,false,false,false,false,false,false,false,false,false
1.15.0 testcontainers-java,AbstractR2DBCDatabaseContainerTest.java,C:\JUNit5Projects\1.15.0 testcontainers-java\modules\r2dbc\src\testFixtures\java\org\testcontainers\r2dbc\AbstractR2DBCDatabaseContainerTest.java,,modules\r2dbc\src\testFixtures\java\org\testcontainers\r2dbc\AbstractR2DBCDatabaseContainerTest.java,,false,false,false,false,false,false,false,false,false,false,false,false,false,,,false,true,false,false,false,false
1.15.0 testcontainers-java,RabbitMQContainerJUnitIntegrationTest.java,C:\JUNit5Projects\1.15.0 testcontainers-java\modules\rabbitmq\src\test\java\org\testcontainers\containers\RabbitMQContainerJUnitIntegrationTest.java,,modules\rabbitmq\src\test\java\org\testcontainers\containers\RabbitMQContainerJUnitIntegrationTest.java,,false,false,false,false,false,false,false,false,false,false,false,false,false,,,false,false,false,false,false,false
1.15.0 testcontainers-java,RabbitMQContainerTest.java,C:\JUNit5Projects\1.15.0 testcontainers-java\modules\rabbitmq\src\test\java\org\testcontainers\containers\RabbitMQContainerTest.java,C:\JUNit5Projects\1.15.0 testcontainers-java\modules\rabbitmq\src\main\java\org\testcontainers\containers\RabbitMQContainer.java,modules\rabbitmq\src\test\java\org\testcontainers\containers\RabbitMQContainerTest.java,modules\rabbitmq\src\main\java\org\testcontainers\containers\RabbitMQContainer.java,true,false,false,false,false,true,false,false,false,false,false,false,false,true,true,true,false,false,false,false,false
1.15.0 testcontainers-java,DefaultRecordingFileFactoryTest.java,C:\JUNit5Projects\1.15.0 testcontainers-java\modules\selenium\src\test\java\org\testcontainers\containers\DefaultRecordingFileFactoryTest.java,C:\JUNit5Projects\1.15.0 testcontainers-java\modules\selenium\src\main\java\org\testcontainers\containers\DefaultRecordingFileFactory.java,modules\selenium\src\test\java\org\testcontainers\containers\DefaultRecordingFileFactoryTest.java,modules\selenium\src\main\java\org\testcontainers\containers\DefaultRecordingFileFactory.java,false,false,false,false,false,true,false,true,false,false,false,false,false,false,false,false,false,false,true,false,false
1.15.0 testcontainers-java,BaseWebDriverContainerTest.java,C:\JUNit5Projects\1.15.0 testcontainers-java\modules\selenium\src\test\java\org\testcontainers\junit\BaseWebDriverContainerTest.java,,modules\selenium\src\test\java\org\testcontainers\junit\BaseWebDriverContainerTest.java,,false,false,false,false,false,false,false,false,false,false,false,false,false,,,false,false,false,false,false,false
1.15.0 testcontainers-java,BrowserWebDriverContainerTest.java,C:\JUNit5Projects\1.15.0 testcontainers-java\modules\selenium\src\test\java\org\testcontainers\junit\BrowserWebDriverContainerTest.java,C:\JUNit5Projects\1.15.0 testcontainers-java\modules\selenium\src\main\java\org\testcontainers\containers\BrowserWebDriverContainer.java,modules\selenium\src\test\java\org\testcontainers\junit\BrowserWebDriverContainerTest.java,modules\selenium\src\main\java\org\testcontainers\containers\BrowserWebDriverContainer.java,false,false,false,false,false,false,false,false,false,false,false,false,false,false,true,false,false,false,false,true,false
1.15.0 testcontainers-java,ChromeRecordingWebDriverContainerTest.java,C:\JUNit5Projects\1.15.0 testcontainers-java\modules\selenium\src\test\java\org\testcontainers\junit\ChromeRecordingWebDriverContainerTest.java,,modules\selenium\src\test\java\org\testcontainers\junit\ChromeRecordingWebDriverContainerTest.java,,false,false,false,false,false,false,false,true,false,false,false,false,false,,,false,true,false,true,true,false
1.15.0 testcontainers-java,ChromeWebDriverContainerTest.java,C:\JUNit5Projects\1.15.0 testcontainers-java\modules\selenium\src\test\java\org\testcontainers\junit\ChromeWebDriverContainerTest.java,,modules\selenium\src\test\java\org\testcontainers\junit\ChromeWebDriverContainerTest.java,,false,false,false,false,false,false,false,false,false,false,false,false,false,,,false,true,false,false,false,false
1.15.0 testcontainers-java,ContainerWithoutCapabilitiesTest.java,C:\JUNit5Projects\1.15.0 testcontainers-java\modules\selenium\src\test\java\org\testcontainers\junit\ContainerWithoutCapabilitiesTest.java,,modules\selenium\src\test\java\org\testcontainers\junit\ContainerWithoutCapabilitiesTest.java,,false,false,false,false,false,false,false,false,false,false,false,false,false,,,false,true,false,false,false,false
1.15.0 testcontainers-java,CustomWaitTimeoutWebDriverContainerTest.java,C:\JUNit5Projects\1.15.0 testcontainers-java\modules\selenium\src\test\java\org\testcontainers\junit\CustomWaitTimeoutWebDriverContainerTest.java,,modules\selenium\src\test\java\org\testcontainers\junit\CustomWaitTimeoutWebDriverContainerTest.java,,false,false,false,false,false,false,false,false,false,false,false,false,false,,,false,true,false,false,false,false
1.15.0 testcontainers-java,FirefoxWebDriverContainerTest.java,C:\JUNit5Projects\1.15.0 testcontainers-java\modules\selenium\src\test\java\org\testcontainers\junit\FirefoxWebDriverContainerTest.java,,modules\selenium\src\test\java\org\testcontainers\junit\FirefoxWebDriverContainerTest.java,,false,false,false,false,false,false,false,false,false,false,false,false,false,,,false,true,false,false,false,false
1.15.0 testcontainers-java,LocalServerWebDriverContainerTest.java,C:\JUNit5Projects\1.15.0 testcontainers-java\modules\selenium\src\test\java\org\testcontainers\junit\LocalServerWebDriverContainerTest.java,,modules\selenium\src\test\java\org\testcontainers\junit\LocalServerWebDriverContainerTest.java,,false,false,false,false,false,false,false,false,false,false,false,false,false,,,false,false,false,false,false,false
1.15.0 testcontainers-java,Selenium3xTest.java,C:\JUNit5Projects\1.15.0 testcontainers-java\modules\selenium\src\test\java\org\testcontainers\junit\Selenium3xTest.java,,modules\selenium\src\test\java\org\testcontainers\junit\Selenium3xTest.java,,false,false,false,false,false,false,false,false,false,false,false,false,false,,,false,true,false,false,false,false
1.15.0 testcontainers-java,SeleniumUtilsTest.java,C:\JUNit5Projects\1.15.0 testcontainers-java\modules\selenium\src\test\java\org\testcontainers\junit\SeleniumUtilsTest.java,C:\JUNit5Projects\1.15.0 testcontainers-java\modules\selenium\src\main\java\org\testcontainers\containers\SeleniumUtils.java,modules\selenium\src\test\java\org\testcontainers\junit\SeleniumUtilsTest.java,modules\selenium\src\main\java\org\testcontainers\containers\SeleniumUtils.java,false,false,false,false,false,true,false,false,false,false,false,false,false,false,false,false,true,false,false,false,false
1.15.0 testcontainers-java,SpecificImageNameWebDriverContainerTest.java,C:\JUNit5Projects\1.15.0 testcontainers-java\modules\selenium\src\test\java\org\testcontainers\junit\SpecificImageNameWebDriverContainerTest.java,,modules\selenium\src\test\java\org\testcontainers\junit\SpecificImageNameWebDriverContainerTest.java,,false,false,false,false,false,false,false,false,false,false,false,false,false,,,false,true,false,false,false,false
1.15.0 testcontainers-java,SolrContainerTest.java,C:\JUNit5Projects\1.15.0 testcontainers-java\modules\solr\src\test\java\org\testcontainers\containers\SolrContainerTest.java,C:\JUNit5Projects\1.15.0 testcontainers-java\modules\solr\src\main\java\org\testcontainers\containers\SolrContainer.java,modules\solr\src\test\java\org\testcontainers\containers\SolrContainerTest.java,modules\solr\src\main\java\org\testcontainers\containers\SolrContainer.java,true,false,false,false,false,true,false,false,false,false,false,false,false,true,true,false,true,false,false,true,false
1.15.0 testcontainers-java,TestLifecycleAwareContainerMock.java,C:\JUNit5Projects\1.15.0 testcontainers-java\modules\spock\src\test\groovy\org\testcontainers\spock\TestLifecycleAwareContainerMock.java,,modules\spock\src\test\groovy\org\testcontainers\spock\TestLifecycleAwareContainerMock.java,,false,false,true,false,false,false,false,false,false,false,false,false,false,,,false,false,false,false,false,false
1.15.0 testcontainers-java,ToxiproxyTest.java,C:\JUNit5Projects\1.15.0 testcontainers-java\modules\toxiproxy\src\test\java\org\testcontainers\containers\ToxiproxyTest.java,,modules\toxiproxy\src\test\java\org\testcontainers\containers\ToxiproxyTest.java,,false,false,false,false,false,true,false,false,false,false,false,false,false,,,true,true,false,false,true,false
1.15.0 testcontainers-java,VaultClientTest.java,C:\JUNit5Projects\1.15.0 testcontainers-java\modules\vault\src\test\java\org\testcontainers\vault\VaultClientTest.java,,modules\vault\src\test\java\org\testcontainers\vault\VaultClientTest.java,,true,false,false,false,false,true,false,false,false,false,false,false,false,,,false,false,false,false,false,false
1.15.0 testcontainers-java,VaultContainerTest.java,C:\JUNit5Projects\1.15.0 testcontainers-java\modules\vault\src\test\java\org\testcontainers\vault\VaultContainerTest.java,C:\JUNit5Projects\1.15.0 testcontainers-java\modules\vault\src\main\java\org\testcontainers\vault\VaultContainer.java,modules\vault\src\test\java\org\testcontainers\vault\VaultContainerTest.java,modules\vault\src\main\java\org\testcontainers\vault\VaultContainer.java,true,false,false,false,false,true,false,false,true,false,false,false,false,false,false,false,false,false,false,false,false
1.15.0 testcontainers-java,FlakyRuleTest.java,C:\JUNit5Projects\1.15.0 testcontainers-java\test-support\src\test\java\org\testcontainers\testsupport\FlakyRuleTest.java,,test-support\src\test\java\org\testcontainers\testsupport\FlakyRuleTest.java,,false,false,false,false,false,true,false,false,false,false,false,false,false,,,false,false,false,false,true,false
